ym,dong,phase,0-19,20-39,40-59,60+
201701,용신동,야간,4026.3870967741937,13491.526881720429,11045.279569892473,10542.827956989247
201701,제기동,야간,2879.6129032258063,9063.849462365592,7492.537634408603,9351.150537634408
201701,전농1동,야간,3914.064516129032,9001.344086021505,8852.225806451612,8043.096774193548
201701,전농2동,야간,2988.795698924731,5269.623655913979,5814.903225806452,4712.935483870968
201701,답십리1동,야간,3160.6236559139784,7367.645161290322,6838.096774193548,5086.63440860215
201701,답십리2동,야간,3080.4193548387098,6227.569892473119,7554.849462365591,6347.182795698925
201701,장안1동,야간,3991.548387096774,12659.193548387097,11073.204301075268,8808.698924731183
201701,장안2동,야간,3730.3870967741937,7188.537634408603,8074.118279569892,6630.032258064516
201701,청량리동,야간,1986.4731182795697,6091.537634408603,6079.182795698925,7166.709677419355
201701,회기동,야간,1779.3978494623655,7711.731182795699,3953.698924731183,4076.8924731182797
201701,휘경1동,야간,1450.4946236559138,4843.344086021506,3482.9139784946237,3453.3655913978496
201701,휘경2동,야간,3450.2688172043013,9656.698924731183,6904.913978494624,6193.741935483871
201701,이문1동,야간,3324.0,12742.161290322581,7062.752688172043,6567.8387096774195
201701,이문2동,야간,3408.9892473118275,5633.537634408603,6029.666666666667,5335.741935483871
201701,용신동,주간,4493.1612903225805,16392.400921658987,17595.69124423963,17605.15207373272
201701,제기동,주간,2535.4055299539173,8273.640552995392,8752.47465437788,12302.188940092166
201701,전농1동,주간,4271.806451612903,9295.566820276497,10084.087557603687,10925.792626728111
201701,전농2동,주간,2827.285714285714,4733.880184331798,4286.073732718894,3957.4976958525344
201701,답십리1동,주간,2652.603686635945,5328.055299539171,5837.6036866359445,4828.820276497696
201701,답십리2동,주간,2509.599078341014,4165.552995391705,5431.055299539171,4813.073732718894
201701,장안1동,주간,3617.9216589861753,11104.912442396313,11929.516129032258,9000.188940092166
201701,장안2동,주간,4414.235023041475,6679.428571428572,8167.193548387097,6408.949308755761
201701,청량리동,주간,2171.594470046083,6431.47926267281,6793.023041474655,8597.852534562213
201701,회기동,주간,2076.2027649769584,8405.230414746544,4623.566820276498,4270.751152073733
201701,휘경1동,주간,1823.4377880184331,5622.963133640553,4387.198156682028,4658.244239631336
201701,휘경2동,주간,2861.6129032258063,6040.548387096774,4796.225806451613,4563.778801843318
201701,이문1동,주간,3056.7511520737326,10541.396313364055,5683.055299539171,5247.230414746543
201701,이문2동,주간,2435.9308755760367,3270.4884792626726,3535.1428571428573,3718.84331797235
201702,용신동,야간,4101.011904761905,14216.72619047619,11369.166666666666,10744.511904761905
201702,제기동,야간,2976.0833333333335,9273.20238095238,7384.619047619047,9038.107142857143
201702,전농1동,야간,4149.345238095238,9508.738095238095,9054.511904761905,8111.107142857142
201702,전농2동,야간,3159.464285714286,5191.25,5775.916666666667,4695.25
201702,답십리1동,야간,3306.345238095238,7784.25,7094.869047619047,5083.214285714285
201702,답십리2동,야간,3258.8809523809523,6319.904761904762,7565.226190476191,6313.857142857142
201702,장안1동,야간,4010.392857142857,12885.202380952382,11039.166666666666,8636.04761904762
201702,장안2동,야간,3753.821428571429,7297.464285714286,8113.071428571428,6776.952380952381
201702,청량리동,야간,1924.2380952380952,5859.261904761905,5821.761904761905,6913.845238095238
201702,회기동,야간,1893.3214285714284,8462.04761904762,4113.714285714285,4239.404761904762
201702,휘경1동,야간,1458.4166666666667,4943.309523809524,3484.3095238095234,3476.3333333333335
201702,휘경2동,야간,3583.2738095238096,9872.654761904761,6893.238095238095,6103.488095238095
201702,이문1동,야간,3548.1190476190477,13032.119047619048,7037.547619047619,6456.297619047619
201702,이문2동,야간,3465.2261904761904,5708.011904761905,6157.702380952381,5330.761904761905
201702,용신동,주간,4419.2295918367345,17385.908163265307,18733.25,18323.95408163265
201702,제기동,주간,2673.801020408163,8523.16836734694,8613.469387755102,11649.602040816328
201702,전농1동,주간,4496.025510204082,9434.617346938776,10119.26530612245,10984.392857142857
201702,전농2동,주간,3221.112244897959,4595.658163265306,4026.1785714285716,3750.086734693877
201702,답십리1동,주간,2712.051020408163,5500.959183673469,5983.336734693878,4913.275510204082
201702,답십리2동,주간,2428.2397959183677,3987.112244897959,5200.801020408164,4597.872448979591
201702,장안1동,주간,3530.2448979591836,11345.336734693878,12171.770408163266,9040.704081632653
201702,장안2동,주간,4406.413265306122,6648.602040816326,8121.719387755103,6334.897959183674
201702,청량리동,주간,2147.627551020408,6394.806122448979,6643.147959183674,8613.091836734693
201702,회기동,주간,2618.688775510204,9149.86224489796,5070.933673469388,4558.321428571428
201702,휘경1동,주간,1934.9336734693877,5877.464285714285,4488.602040816327,4860.780612244897
201702,휘경2동,주간,3043.4897959183677,6119.551020408164,4694.872448979592,4514.178571428572
201702,이문1동,주간,3427.454081632653,10874.408163265307,5793.642857142857,5143.341836734694
201702,이문2동,주간,2373.9846938775513,3103.9897959183677,3410.311224489796,3615.612244897959
201703,용신동,야간,4259.075268817204,14395.63440860215,11294.118279569891,10713.591397849463
201703,제기동,야간,3331.2688172043013,9656.193548387097,7504.612903225807,9033.967741935483
201703,전농1동,야간,4245.623655913979,9686.89247311828,8994.63440860215,8140.591397849462
201703,전농2동,야간,3352.1075268817203,5337.010752688172,5795.397849462366,4698.10752688172
201703,답십리1동,야간,3336.6344086021504,7754.763440860214,7106.301075268817,5002.688172043011
201703,답십리2동,야간,3341.1720430107525,6438.150537634409,7688.0,6565.763440860214
201703,장안1동,야간,3904.3978494623657,12685.827956989247,10949.397849462366,8510.064516129032
201703,장안2동,야간,3879.956989247312,7382.8387096774195,8324.47311827957,6757.182795698925
201703,청량리동,야간,1939.010752688172,5782.602150537634,5682.580645161291,6843.032258064516
201703,회기동,야간,2496.1505376344085,9399.537634408602,4133.8279569892475,4140.05376344086
201703,휘경1동,야간,1667.5698924731184,5232.860215053764,3569.956989247312,3558.6451612903224
201703,휘경2동,야간,4291.05376344086,10387.849462365592,6905.494623655914,6007.8387096774195
201703,이문1동,야간,4720.118279569892,14384.709677419356,7115.182795698925,6533.225806451613
201703,이문2동,야간,3532.0537634408606,5731.548387096774,6067.182795698925,5085.1612903225805
201703,용신동,주간,4798.179723502304,17479.267281105993,18359.110599078344,18115.04608294931
201703,제기동,주간,3404.059907834101,9781.059907834102,8845.783410138249,11845.47004608295
201703,전농1동,주간,4718.47926267281,9654.52534562212,9791.41935483871,10830.271889400921
201703,전농2동,주간,4770.78801843318,6245.990783410139,4171.073732718894,3767.2442396313368
201703,답십리1동,주간,2233.5299539170505,4969.705069124424,5513.460829493088,4556.976958525346
201703,답십리2동,주간,1732.5990783410139,3968.940092165899,5436.064516129032,4941.6036866359445
201703,장안1동,주간,3179.1013824884794,11032.207373271889,12083.73732718894,8819.815668202766
201703,장안2동,주간,4106.322580645161,6487.20737327189,8075.774193548387,6175.36866359447
201703,청량리동,주간,2003.3410138248848,6172.571428571428,6464.552995391705,8476.3732718894
201703,회기동,주간,5281.373271889401,11993.940092165898,5261.359447004608,4381.52534562212
201703,휘경1동,주간,1957.9400921658985,5868.359447004608,4407.230414746544,4785.096774193548
201703,휘경2동,주간,4428.741935483871,6306.516129032258,4664.7188940092165,4276.52534562212
201703,이문1동,주간,4948.041474654377,14537.806451612903,5863.428571428572,5066.225806451613
201703,이문2동,주간,1673.774193548387,2955.714285714286,3341.769585253456,3434.5207373271887
201704,용신동,야간,4082.555555555555,14037.555555555555,11189.1,10390.488888888889
201704,제기동,야간,3454.366666666667,9785.222222222223,7552.677777777778,9187.111111111111
201704,전농1동,야간,4263.599999999999,9834.011111111111,9187.633333333333,8302.41111111111
201704,전농2동,야간,3544.6555555555556,5742.599999999999,5915.333333333333,4876.733333333334
201704,답십리1동,야간,3324.988888888889,7653.233333333334,7047.455555555555,4934.733333333334
201704,답십리2동,야간,3405.933333333333,6536.922222222222,7711.400000000001,6633.155555555556
201704,장안1동,야간,3732.8777777777777,12542.677777777777,10703.322222222223,8471.199999999999
201704,장안2동,야간,3749.933333333333,7260.933333333333,8138.333333333333,6594.466666666667
201704,청량리동,야간,1906.4888888888888,5631.055555555556,5539.9111111111115,6718.988888888889
201704,회기동,야간,2549.9888888888886,9655.08888888889,4206.822222222222,4173.688888888889
201704,휘경1동,야간,1678.8333333333333,5212.188888888889,3619.8222222222225,3534.7000000000003
201704,휘경2동,야간,4161.822222222222,10188.422222222222,6783.2,5950.511111111111
201704,이문1동,야간,4767.388888888889,14507.77777777778,7029.844444444444,6358.544444444445
201704,이문2동,야간,3555.566666666667,5655.7444444444445,5980.5888888888885,5034.566666666667
201704,용신동,주간,4714.904761904762,16396.209523809524,16834.933333333334,15992.219047619048
201704,제기동,주간,3467.495238095238,9899.699999999999,8877.37619047619,11792.509523809524
201704,전농1동,주간,4719.247619047618,9936.404761904761,10032.285714285714,10779.423809523809
201704,전농2동,주간,4654.557142857143,6216.166666666666,4108.5,3737.7000000000003
201704,답십리1동,주간,2310.8904761904764,4918.185714285714,5363.776190476191,4416.352380952381
201704,답십리2동,주간,1869.6142857142856,4139.647619047619,5474.366666666667,4905.471428571429
201704,장안1동,주간,2978.995238095238,10737.704761904763,11429.538095238095,8398.561904761906
201704,장안2동,주간,4225.038095238096,6513.461904761904,7997.304761904762,6097.571428571428
201704,청량리동,주간,2025.395238095238,6379.442857142857,6665.657142857142,8706.671428571428
201704,회기동,주간,4830.276190476191,11756.542857142858,5036.4857142857145,4139.457142857143
201704,휘경1동,주간,1958.9952380952382,5832.780952380953,4376.6,4687.099999999999
201704,휘경2동,주간,4231.138095238095,6223.223809523809,4605.833333333333,4233.338095238095
201704,이문1동,주간,4740.138095238095,14183.104761904762,5641.052380952381,4840.247619047618
201704,이문2동,주간,1811.8285714285714,2999.338095238095,3240.9904761904763,3355.7000000000003
201705,용신동,야간,4218.763440860215,13723.89247311828,11091.096774193547,10485.096774193547
201705,제기동,야간,3400.3548387096776,9868.903225806453,7553.419354838709,9061.043010752688
201705,전농1동,야간,4503.52688172043,10306.440860215054,9766.075268817205,9053.881720430107
201705,전농2동,야간,3312.677419354839,5702.516129032258,5858.311827956989,4868.731182795699
201705,답십리1동,야간,3415.182795698925,7562.655913978495,7088.709677419355,5306.462365591397
201705,답십리2동,야간,3357.752688172043,6600.204301075269,7750.129032258064,6787.935483870967
201705,장안1동,야간,3584.0322580645166,11389.301075268819,10029.881720430107,8076.505376344086
201705,장안2동,야간,4152.580645161291,8474.021505376344,8834.516129032258,7159.440860215054
201705,청량리동,야간,1858.247311827957,5483.204301075269,5384.5161290322585,6793.580645161291
201705,회기동,야간,2656.2688172043013,9811.752688172042,4431.784946236559,4508.913978494624
201705,휘경1동,야간,1690.0,5129.741935483871,3546.118279569893,3573.1505376344085
201705,휘경2동,야간,3902.1505376344085,9886.548387096775,6718.279569892474,5704.258064516129
201705,이문1동,야간,4483.075268817204,14127.032258064515,6951.537634408603,6429.344086021505
201705,이문2동,야간,3341.430107526882,5554.032258064516,5917.247311827957,5036.215053763441
201705,용신동,주간,4595.829493087557,15673.350230414746,16253.244239631336,15687.253456221199
201705,제기동,주간,3276.4746543778806,9721.649769585254,8782.036866359447,11530.52995391705
201705,전농1동,주간,5090.3133640553,10854.267281105991,11158.285714285714,12011.04608294931
201705,전농2동,주간,4093.847926267281,5965.47465437788,4084.3824884792625,3713.6820276497697
201705,답십리1동,주간,2335.1290322580644,5215.202764976959,5703.004608294931,4831.497695852535
201705,답십리2동,주간,1884.188940092166,4446.894009216589,5709.198156682028,5120.470046082949
201705,장안1동,주간,2819.396313364055,10137.3732718894,10721.304147465436,8028.165898617512
201705,장안2동,주간,4100.672811059908,7131.63133640553,8383.133640552996,6384.004608294931
201705,청량리동,주간,2203.7603686635944,6584.290322580645,6847.294930875576,8954.359447004608
201705,회기동,주간,4391.6912442396315,11284.447004608295,4947.26728110599,4324.8387096774195
201705,휘경1동,주간,1933.8294930875577,5773.755760368664,4321.5161290322585,4635.502304147465
201705,휘경2동,주간,3762.032258064516,6060.852534562212,4455.958525345623,4063.373271889401
201705,이문1동,주간,4469.6036866359445,14154.511520737327,5736.410138248847,4935.304147465438
201705,이문2동,주간,1757.6958525345622,3029.1428571428573,3332.7972350230416,3514.6589861751154
201706,용신동,야간,3958.788888888889,13314.655555555555,10805.511111111111,10163.288888888888
201706,제기동,야간,3588.1666666666665,10461.155555555555,8028.944444444444,9407.922222222222
201706,전농1동,야간,5061.855555555556,11406.188888888888,10303.91111111111,9410.944444444443
201706,전농2동,야간,3180.0222222222224,4955.044444444445,5356.333333333333,4351.644444444444
201706,답십리1동,야간,3407.288888888889,7593.144444444445,7025.5,5338.577777777778
201706,답십리2동,야간,3536.944444444445,6810.877777777779,7945.5888888888885,6911.133333333334
201706,장안1동,야간,3436.3222222222225,10115.622222222222,9280.0,7432.099999999999
201706,장안2동,야간,4924.844444444444,9697.800000000001,9799.566666666668,7611.8
201706,청량리동,야간,2073.7000000000003,6016.8,5712.8,7079.188888888889
201706,회기동,야간,2607.077777777778,9811.177777777777,4576.7555555555555,4584.7555555555555
201706,휘경1동,야간,1987.2222222222224,6154.877777777779,3962.511111111111,4042.1777777777775
201706,휘경2동,야간,3397.2999999999997,7672.622222222221,5594.9111111111115,4715.711111111111
201706,이문1동,야간,4474.533333333334,14213.533333333333,7014.211111111112,6406.566666666667
201706,이문2동,야간,3225.1222222222223,5089.900000000001,5641.811111111111,4864.122222222222
201706,용신동,주간,4142.676190476191,15171.333333333332,15575.699999999999,14627.038095238095
201706,제기동,주간,3418.495238095238,10235.290476190477,9444.92857142857,12790.252380952381
201706,전농1동,주간,5803.6238095238095,11141.271428571428,11169.909523809523,12108.77619047619
201706,전농2동,주간,3892.4904761904763,5147.333333333334,3635.247619047619,3314.647619047619
201706,답십리1동,주간,2487.7380952380954,5185.276190476191,5671.904761904762,4805.7904761904765
201706,답십리2동,주간,2166.7238095238095,4771.885714285714,6105.533333333333,5434.914285714286
201706,장안1동,주간,2894.4761904761904,9543.523809523811,10387.061904761906,7748.704761904762
201706,장안2동,주간,4622.628571428571,7600.166666666666,8883.266666666666,6538.352380952381
201706,청량리동,주간,2456.8190476190475,7056.252380952382,7193.404761904762,9373.952380952382
201706,회기동,주간,4269.714285714285,10570.128571428571,5162.1809523809525,4492.161904761905
201706,휘경1동,주간,1896.895238095238,5823.490476190476,4297.719047619047,4719.128571428571
201706,휘경2동,주간,3835.957142857143,4990.114285714286,3797.9333333333334,3538.661904761905
201706,이문1동,주간,4022.6428571428573,14012.342857142856,5757.233333333333,5055.538095238096
201706,이문2동,주간,1592.9619047619049,2704.6095238095236,3112.504761904762,3307.0714285714284
201707,용신동,야간,3732.6236559139784,12753.473118279571,10048.623655913978,9373.064516129032
201707,제기동,야간,3524.247311827957,10256.258064516129,8541.94623655914,9799.774193548388
201707,전농1동,야간,4764.032258064516,10788.860215053764,9914.075268817205,8807.139784946236
201707,전농2동,야간,2891.139784946237,4648.548387096774,5341.064516129032,4362.8494623655915
201707,답십리1동,야간,3405.505376344086,7416.559139784946,6822.440860215054,5117.63440860215
201707,답십리2동,야간,3540.4193548387098,6845.784946236559,7926.752688172043,7008.548387096774
201707,장안1동,야간,3960.0967741935488,11452.010752688171,10351.870967741936,8395.10752688172
201707,장안2동,야간,4412.182795698925,9042.494623655914,9016.612903225807,7076.537634408603
201707,청량리동,야간,2051.2688172043013,5762.129032258064,5550.075268817204,6846.860215053764
201707,회기동,야간,2095.0,8654.752688172042,4392.731182795699,4541.032258064516
201707,휘경1동,야간,1974.2903225806451,5935.05376344086,3926.3548387096776,4034.935483870968
201707,휘경2동,야간,3078.795698924731,7368.559139784946,5595.978494623655,4649.967741935484
201707,이문1동,야간,3738.8924731182797,13117.387096774195,7169.612903225807,6455.225806451613
201707,이문2동,야간,3154.881720430107,5080.645161290323,5675.774193548387,4912.258064516129
201707,용신동,주간,4083.483870967742,15038.36866359447,15475.018433179723,13669.811059907834
201707,제기동,주간,3132.396313364055,9508.852534562213,9853.225806451612,13574.216589861751
201707,전농1동,주간,5589.801843317972,10649.649769585254,11071.410138248848,11756.119815668204
201707,전농2동,주간,3069.364055299539,4032.700460829493,3592.1751152073734,3331.774193548387
201707,답십리1동,주간,2609.470046082949,5239.880184331798,5706.921658986175,4851.529953917051
201707,답십리2동,주간,2317.4193548387098,4609.294930875576,5824.198156682028,5370.110599078341
201707,장안1동,주간,3057.013824884793,10237.705069124424,11192.336405529955,8252.0
201707,장안2동,주간,4899.387096774194,7745.069124423963,8916.271889400921,6821.258064516129
201707,청량리동,주간,2561.7235023041476,6981.589861751153,7232.714285714285,9247.115207373272
201707,회기동,주간,3099.26267281106,8669.239631336406,4988.433179723502,4508.4562211981565
201707,휘경1동,주간,1939.2119815668204,5730.147465437788,4311.350230414747,4682.705069124424
201707,휘경2동,주간,3295.1290322580644,4714.202764976959,3787.622119815668,3505.7327188940094
201707,이문1동,주간,3065.21198156682,11076.382488479261,5559.304147465438,5104.5115207373265
201707,이문2동,주간,1726.3917050691246,2688.3548387096776,3061.36866359447,3320.4792626728113
201708,용신동,야간,3718.204301075269,12536.387096774195,9944.903225806453,9302.408602150537
201708,제기동,야간,3553.548387096774,10177.47311827957,8540.20430107527,9722.698924731183
201708,전농1동,야간,4691.645161290323,10544.623655913978,9665.63440860215,8581.354838709678
201708,전농2동,야간,2941.021505376344,4559.129032258064,5145.397849462365,4344.182795698925
201708,답십리1동,야간,3521.956989247312,7245.139784946236,6705.870967741936,4999.763440860215
201708,답십리2동,야간,3444.6881720430106,6586.559139784946,7605.580645161291,6888.94623655914
201708,장안1동,야간,3806.225806451613,11123.913978494624,10035.913978494624,8191.795698924731
201708,장안2동,야간,4338.623655913979,9149.548387096775,9107.096774193547,7092.935483870967
201708,청량리동,야간,2022.6666666666667,5924.279569892474,5679.204301075269,7027.924731182796
201708,회기동,야간,2005.7096774193549,8382.451612903225,4256.494623655914,4337.978494623656
201708,휘경1동,야간,1873.1505376344085,5846.763440860214,3774.6666666666665,3797.021505376344
201708,휘경2동,야간,3011.247311827957,7363.301075268817,5528.849462365591,4632.430107526882
201708,이문1동,야간,3549.6559139784945,12787.075268817205,7010.344086021505,6256.892473118279
201708,이문2동,야간,2975.47311827957,4869.1612903225805,5423.774193548387,4760.247311827957
201708,용신동,주간,3948.442396313364,14556.875576036866,15006.15207373272,13114.317972350229
201708,제기동,주간,3055.700460829493,9528.304147465436,10061.930875576038,14220.304147465436
201708,전농1동,주간,5434.023041474655,10207.548387096775,10655.069124423962,11544.645161290322
201708,전농2동,주간,3110.8387096774195,3901.133640552995,3529.5806451612907,3388.5668202764978
201708,답십리1동,주간,2593.451612903226,4983.248847926267,5402.654377880184,4639.248847926267
201708,답십리2동,주간,2236.9124423963135,4404.829493087557,5566.645161290323,5191.082949308756
201708,장안1동,주간,2995.589861751152,9955.110599078342,11063.069124423962,8315.382488479263
201708,장안2동,주간,4773.917050691244,7694.018433179724,8836.382488479263,6764.755760368664
201708,청량리동,주간,2495.2027649769584,6915.179723502304,7246.599078341014,9377.271889400921
201708,회기동,주간,2710.746543778802,8295.179723502304,4747.26728110599,4333.1336405529955
201708,휘경1동,주간,1861.6820276497695,5621.668202764978,4144.511520737327,4584.350230414747
201708,휘경2동,주간,3186.589861751152,4688.119815668202,3711.778801843318,3514.6774193548385
201708,이문1동,주간,3145.815668202765,11169.493087557605,5607.57603686636,4993.202764976959
201708,이문2동,주간,1729.1382488479262,2517.3087557603685,2934.15668202765,3142.1290322580644
201709,용신동,야간,3948.855555555556,13106.933333333334,10427.4,9594.433333333332
201709,제기동,야간,3827.4555555555557,10728.055555555557,8763.488888888889,9997.711111111112
201709,전농1동,야간,4640.466666666666,10346.311111111112,9505.41111111111,8449.377777777778
201709,전농2동,야간,3100.866666666667,4648.733333333334,5273.7,4342.433333333333
201709,답십리1동,야간,3729.633333333333,7345.933333333333,6842.633333333334,5028.811111111111
201709,답십리2동,야간,3514.6111111111113,6650.688888888889,7769.655555555556,7003.966666666667
201709,장안1동,야간,4024.6666666666665,11335.4,10280.055555555557,8393.277777777777
201709,장안2동,야간,4381.577777777778,9076.144444444444,9022.777777777777,7077.933333333333
201709,청량리동,야간,2079.8777777777777,5847.011111111111,5726.5888888888885,6864.2555555555555
201709,회기동,야간,2470.4888888888886,9227.655555555555,4135.811111111111,4163.722222222222
201709,휘경1동,야간,2020.0111111111112,6466.555555555556,3910.4555555555557,3965.9
201709,휘경2동,야간,3541.7000000000003,8629.58888888889,6009.5888888888885,4972.333333333333
201709,이문1동,야간,4234.099999999999,14328.477777777778,7160.122222222221,6328.9111111111115
201709,이문2동,야간,3340.3222222222225,5046.044444444445,5614.944444444444,4724.311111111111
201709,용신동,주간,4222.1809523809525,15592.990476190476,16398.433333333334,14744.128571428571
201709,제기동,주간,3478.5095238095237,10580.252380952381,10294.866666666667,14684.142857142857
201709,전농1동,주간,5449.257142857144,10322.92857142857,10489.261904761905,11245.733333333334
201709,전농2동,주간,4051.5523809523806,5531.3761904761905,3692.957142857143,3268.5619047619048
201709,답십리1동,주간,2617.6095238095236,4937.309523809524,5452.07619047619,4589.642857142857
201709,답십리2동,주간,1959.990476190476,4277.133333333333,5597.352380952381,5156.723809523809
201709,장안1동,주간,3152.7000000000003,10071.728571428572,11278.690476190475,8435.647619047619
201709,장안2동,주간,4662.219047619047,7449.414285714286,8656.033333333333,6608.609523809524
201709,청량리동,주간,2309.3,6382.280952380953,6957.304761904762,9107.785714285714
201709,회기동,주간,4080.4,10140.023809523811,4700.871428571429,4082.5142857142855
201709,휘경1동,주간,2103.714285714286,6335.861904761905,4665.8,5108.919047619048
201709,휘경2동,주간,3988.7666666666664,5480.438095238095,4161.5,3869.347619047619
201709,이문1동,주간,4324.104761904762,15638.814285714285,6039.052380952381,5149.266666666667
201709,이문2동,주간,1592.0666666666668,2477.595238095238,2963.9476190476194,3095.7238095238095
201710,용신동,야간,4116.89247311828,12905.68817204301,10662.236559139785,9882.440860215054
201710,제기동,야간,3788.9032258064512,10632.193548387097,8070.204301075269,9156.52688172043
201710,전농1동,야간,4440.279569892473,9974.483870967742,9489.698924731183,8410.548387096775
201710,전농2동,야간,2956.774193548387,4472.537634408603,5183.666666666667,4281.591397849462
201710,답십리1동,야간,3667.3978494623657,7033.763440860214,6704.419354838709,5016.806451612903
201710,답십리2동,야간,3442.559139784946,6501.215053763441,7674.494623655914,6913.720430107526
201710,장안1동,야간,3980.4086021505377,10944.397849462366,10156.838709677419,8173.182795698925
201710,장안2동,야간,4081.279569892473,8790.47311827957,8859.989247311829,6979.333333333333
201710,청량리동,야간,2009.978494623656,5595.956989247312,5552.784946236559,6644.623655913979
201710,회기동,야간,2424.9139784946237,9679.7311827957,3983.52688172043,4056.516129032258
201710,휘경1동,야간,2029.5698924731184,6839.935483870967,4006.3763440860216,3904.3870967741937
201710,휘경2동,야간,3304.4193548387098,8459.2688172043,5988.322580645162,5034.193548387097
201710,이문1동,야간,4099.247311827957,14766.774193548386,7036.795698924731,6190.451612903226
201710,이문2동,야간,3108.752688172043,4864.731182795699,5427.623655913979,4647.225806451613
201710,용신동,주간,4427.433179723502,14563.792626728111,15424.230414746544,14501.036866359447
201710,제기동,주간,3520.147465437788,10122.548387096775,9139.52995391705,12170.778801843318
201710,전농1동,주간,5190.36866359447,10397.336405529955,10605.207373271889,11196.705069124424
201710,전농2동,주간,3565.815668202765,5052.571428571428,3666.2718894009217,3284.15668202765
201710,답십리1동,주간,2598.184331797235,4974.594470046083,5450.58064516129,4548.700460829493
201710,답십리2동,주간,2051.299539170507,4381.437788018434,5568.322580645161,5057.119815668202
201710,장안1동,주간,3148.4331797235022,9667.760368663596,10887.746543778801,8213.442396313363
201710,장안2동,주간,4379.119815668203,7509.004608294931,8753.465437788018,6622.3963133640555
201710,청량리동,주간,2268.2350230414745,6196.4562211981565,6725.308755760369,8510.308755760369
201710,회기동,주간,3740.9124423963135,10285.142857142857,4365.433179723502,3909.8018433179723
201710,휘경1동,주간,2075.5299539170505,6555.691244239631,4616.709677419355,4627.138248847927
201710,휘경2동,주간,3445.649769585253,5545.834101382488,4190.2811059907835,3828.7557603686632
201710,이문1동,주간,3931.5714285714284,15337.42857142857,5871.903225806452,4915.820276497696
201710,이문2동,주간,1614.6451612903224,2653.5806451612907,3073.709677419355,3068.1290322580644
201711,용신동,야간,4068.8333333333335,13847.477777777778,11060.455555555556,10049.866666666667
201711,제기동,야간,4046.0,11971.566666666666,8391.711111111112,9343.022222222222
201711,전농1동,야간,4540.011111111111,10348.41111111111,9688.722222222223,8568.1
201711,전농2동,야간,3056.1222222222223,4492.599999999999,5188.2,4359.2
201711,답십리1동,야간,3772.722222222222,7446.177777777778,6938.0888888888885,5148.288888888889
201711,답십리2동,야간,3524.788888888889,6628.677777777778,7846.944444444444,7125.577777777778
201711,장안1동,야간,3956.6555555555556,11280.91111111111,10484.066666666668,8311.800000000001
201711,장안2동,야간,4130.111111111111,8680.866666666667,8972.466666666667,7004.433333333333
201711,청량리동,야간,2092.4333333333334,5945.366666666666,5713.877777777779,6886.61111111111
201711,회기동,야간,2811.2666666666664,11511.866666666667,4123.211111111111,4319.099999999999
201711,휘경1동,야간,2158.322222222222,7644.011111111111,4148.033333333334,3919.3777777777777
201711,휘경2동,야간,3566.3333333333335,9090.800000000001,6143.099999999999,5068.811111111111
201711,이문1동,야간,4454.288888888889,16970.111111111113,7185.822222222222,6141.2555555555555
201711,이문2동,야간,3411.866666666667,5122.722222222222,5713.011111111111,4746.577777777778
201711,용신동,주간,4228.809523809524,15960.64761904762,16773.1,15483.880952380952
201711,제기동,주간,3811.7809523809524,11305.890476190476,9703.34761904762,13246.0
201711,전농1동,주간,5423.066666666667,10344.166666666668,10668.385714285714,11327.42857142857
201711,전농2동,주간,4011.128571428572,5456.152380952381,3579.0142857142855,3340.695238095238
201711,답십리1동,주간,2699.623809523809,5184.7380952380945,5804.566666666667,4890.580952380952
201711,답십리2동,주간,2001.3809523809523,4337.409523809523,5654.809523809524,5233.223809523809
201711,장안1동,주간,3111.304761904762,9929.947619047618,11413.333333333332,8349.747619047619
201711,장안2동,주간,4591.361904761905,7237.638095238095,8775.42857142857,6713.219047619047
201711,청량리동,주간,2371.0095238095237,6371.152380952381,6809.642857142857,8688.4
201711,회기동,주간,4552.5142857142855,12474.985714285713,4916.2095238095235,4359.980952380952
201711,휘경1동,주간,2185.3857142857146,6882.028571428571,4699.642857142857,4702.2619047619055
201711,휘경2동,주간,3906.0666666666666,5889.9857142857145,4361.171428571429,3951.666666666667
201711,이문1동,주간,4435.971428571428,18209.638095238093,6163.371428571429,5051.661904761904
201711,이문2동,주간,1712.2285714285715,2567.7190476190476,3051.876190476191,3121.9380952380952
201712,용신동,야간,4132.924731182796,13646.354838709676,11071.548387096775,9940.924731182795
201712,제기동,야간,3960.0752688172047,11452.075268817205,8478.430107526881,9495.78494623656
201712,전농1동,야간,4591.978494623656,10375.720430107527,9814.78494623656,8714.602150537634
201712,전농2동,야간,2938.881720430107,4474.430107526882,5183.1720430107525,4373.548387096774
201712,답십리1동,야간,3735.462365591398,7607.021505376345,7159.666666666667,5261.05376344086
201712,답십리2동,야간,3554.322580645161,6601.645161290322,7910.096774193548,7083.623655913979
201712,장안1동,야간,4100.989247311828,11344.870967741934,10646.924731182795,8395.612903225807
201712,장안2동,야간,4244.129032258064,8785.032258064517,9166.118279569893,7168.903225806452
201712,청량리동,야간,2144.6881720430106,5816.225806451613,5864.698924731183,7043.967741935484
201712,회기동,야간,2655.2903225806454,11058.7311827957,4154.741935483871,4340.1505376344085
201712,휘경1동,야간,2040.6021505376345,7315.752688172043,4076.3333333333335,3851.3440860215055
201712,휘경2동,야간,3453.161290322581,8795.096774193547,6167.279569892474,5097.666666666667
201712,이문1동,야간,4161.580645161291,16303.064516129032,7149.139784946236,6145.860215053764
201712,이문2동,야간,3439.956989247312,5164.118279569892,5988.645161290322,4978.494623655914
201712,용신동,주간,4215.299539170507,15379.73732718894,16393.179723502304,15082.866359447004
201712,제기동,주간,3670.649769585253,10849.875576036866,9850.907834101383,13272.824884792628
201712,전농1동,주간,5537.129032258065,10863.110599078342,11331.654377880184,11862.903225806453
201712,전농2동,주간,3408.400921658986,4846.433179723502,3626.5668202764978,3350.1290322580644
201712,답십리1동,주간,2862.0506912442397,5534.645161290323,6068.069124423963,5113.451612903226
201712,답십리2동,주간,2124.4239631336404,4522.373271889401,5867.041474654377,5422.8110599078345
201712,장안1동,주간,3313.4608294930877,10093.658986175114,11671.976958525347,8587.248847926267
201712,장안2동,주간,4713.276497695852,7545.967741935484,9114.658986175114,7037.350230414747
201712,청량리동,주간,2405.4147465437786,6463.105990783411,7018.193548387097,8923.677419354839
201712,회기동,주간,3883.1981566820277,11453.967741935485,4795.497695852535,4321.529953917051
201712,휘경1동,주간,2142.0276497695854,6932.705069124424,4674.728110599079,4776.755760368664
201712,휘경2동,주간,3546.2949308755765,5846.516129032258,4483.225806451613,4091.1612903225805
201712,이문1동,주간,3956.3824884792625,16315.447004608295,6264.949308755761,5265.202764976959
201712,이문2동,주간,1837.3870967741934,2857.5069124423962,3417.963133640553,3432.852534562212
201801,답십리1동,야간,3826.064516129032,7715.139784946236,7379.451612903226,5387.301075268817
201801,제기동,주간,3482.9078341013824,9949.092165898617,9864.635944700462,13099.359447004608
201801,휘경2동,주간,2915.695852534562,5852.156682027649,4633.552995391705,4421.539170506912
201801,이문2동,주간,2796.1705069124428,3457.5253456221194,3934.3594470046082,4056.2764976958524
201801,제기동,야간,3879.462365591398,10886.47311827957,8577.677419354839,9471.817204301076
201801,장안1동,주간,3247.147465437788,9982.193548387097,11290.04608294931,8171.797235023041
201801,휘경1동,주간,2071.63133640553,6488.285714285715,4518.179723502304,4524.6036866359445
201801,장안1동,야간,3598.7311827956987,10496.47311827957,9598.709677419354,7447.408602150538
201801,휘경1동,야간,1904.4731182795697,6957.548387096774,4083.182795698925,3758.3978494623657
201801,답십리1동,주간,3280.6682027649767,5916.322580645161,6574.382488479263,5518.935483870968
201801,답십리2동,주간,2860.2672811059906,4547.447004608295,5943.52534562212,5426.539170506912
201801,답십리2동,야간,3550.8064516129034,6636.602150537634,7958.494623655914,7079.978494623655
201801,용신동,주간,4410.870967741936,15580.018433179723,16812.718894009216,15334.57603686636
201801,전농2동,주간,2750.7281105990783,4266.658986175115,3783.7327188940094,3668.21198156682
201801,장안2동,야간,4864.05376344086,9706.698924731183,10010.956989247312,7966.881720430108
201801,용신동,야간,4216.784946236559,13753.010752688171,11315.666666666666,10394.290322580646
201801,장안2동,주간,5316.271889400922,7840.571428571428,9210.42857142857,7288.4884792626735
201801,청량리동,주간,2046.2027649769586,5496.382488479263,6312.691244239631,8040.21198156682
201801,청량리동,야간,1906.236559139785,5174.677419354839,5565.774193548387,6640.645161290322
201801,이문1동,주간,2964.2949308755765,12187.023041474653,5520.3410138248855,4813.622119815668
201801,회기동,주간,2402.7511520737326,9192.244239631336,4770.838709677419,4286.990783410138
201801,이문2동,야간,3700.4193548387098,5824.1612903225805,6521.795698924731,5462.731182795699
201801,이문1동,야간,3382.2903225806454,13804.505376344086,6613.935483870967,5880.580645161291
201801,전농1동,야간,4360.967741935484,10049.032258064517,9679.89247311828,8459.58064516129
201801,전농1동,주간,4962.539170506912,10139.147465437787,11095.935483870968,11817.299539170506
201801,휘경2동,야간,3243.7849462365593,8789.139784946236,6328.387096774193,5199.774193548387
201801,회기동,야간,2295.6129032258063,9048.483870967742,4120.63440860215,4131.784946236559
201801,전농2동,야간,2881.6129032258063,4595.419354838709,5361.612903225806,4455.36559139785
201802,용신동,야간,3994.0238095238096,13041.071428571428,10984.511904761906,10186.095238095239
201802,제기동,야간,3758.6904761904766,10308.77380952381,8629.142857142857,9527.333333333334
201802,전농1동,야간,4593.869047619048,10441.511904761905,10043.892857142857,8819.630952380952
201802,전농2동,야간,3005.654761904762,4777.916666666667,5603.440476190476,4703.166666666667
201802,답십리1동,야간,3759.0595238095234,7194.309523809524,6937.892857142858,5034.833333333333
201802,답십리2동,야간,3568.3333333333335,6551.666666666667,7929.083333333333,7047.833333333333
201802,장안1동,야간,3312.2619047619046,9930.833333333334,9101.583333333334,6993.785714285714
201802,장안2동,야간,5120.357142857143,10004.595238095239,10352.440476190475,8171.392857142858
201802,청량리동,야간,1852.7619047619048,5010.535714285715,5405.77380952381,6506.428571428572
201802,회기동,야간,2154.8809523809523,8064.023809523809,4106.952380952381,4143.416666666667
201802,휘경1동,야간,1764.0119047619048,6129.452380952381,3762.178571428571,3460.095238095238
201802,휘경2동,야간,3142.071428571429,8392.630952380952,6433.797619047619,5221.845238095238
201802,이문1동,야간,3226.654761904762,12484.27380952381,6661.916666666667,6123.571428571428
201802,이문2동,야간,3606.607142857143,5560.761904761905,6360.369047619047,5385.214285714285
201802,용신동,주간,4144.933673469388,14896.668367346938,16442.70408163265,15482.586734693878
201802,제기동,주간,3468.4795918367345,9561.75,10100.882653061224,13942.387755102041
201802,전농1동,주간,5245.025510204082,10469.102040816328,11457.602040816328,12010.48469387755
201802,전농2동,주간,3193.275510204082,4345.474489795918,4208.428571428572,3928.714285714286
201802,답십리1동,주간,3164.7448979591836,5578.260204081633,6163.923469387754,5236.530612244897
201802,답십리2동,주간,2684.6530612244896,4639.591836734694,5936.183673469388,5412.372448979592
201802,장안1동,주간,3079.219387755102,9683.045918367348,10915.413265306122,7816.535714285715
201802,장안2동,주간,4989.0,7858.627551020408,9243.989795918367,7178.877551020408
201802,청량리동,주간,1954.1173469387757,5224.010204081633,6030.1122448979595,7565.163265306122
201802,회기동,주간,2762.872448979592,8341.25,4747.09693877551,4257.892857142857
201802,휘경1동,주간,2072.4489795918366,6136.173469387754,4529.326530612245,4440.663265306122
201802,휘경2동,주간,2974.826530612245,5664.076530612246,4771.193877551021,4366.65306122449
201802,이문1동,주간,3126.438775510204,10646.433673469388,5690.198979591836,5035.581632653061
201802,이문2동,주간,2679.2397959183677,3575.127551020408,4147.5204081632655,4198.168367346939
201804,용신동,주간,4641.4857142857145,15682.914285714285,16433.738095238095,14983.085714285715
201804,용신동,야간,4548.622222222222,13875.08888888889,10984.677777777777,10004.966666666667
201804,제기동,주간,3961.4904761904763,11280.361904761905,9864.699999999999,13575.538095238095
201804,제기동,야간,4075.2000000000003,11746.011111111111,8367.4,9203.666666666666
201804,전농1동,주간,6010.566666666667,11214.604761904762,11323.719047619048,11523.009523809524
201804,전농1동,야간,4833.466666666666,10700.933333333332,9885.855555555556,8457.611111111111
201804,전농2동,주간,4222.133333333333,5541.185714285714,3676.123809523809,3252.1047619047617
201804,전농2동,야간,3039.911111111111,4711.211111111111,5285.355555555556,4362.344444444444
201804,답십리1동,주간,2539.828571428571,5271.219047619047,5874.833333333334,4969.67619047619
201804,답십리1동,야간,3974.6777777777775,7760.211111111112,7213.2,5192.855555555556
201804,답십리2동,주간,1815.7428571428572,4233.152380952381,5676.961904761904,5014.038095238096
201804,답십리2동,야간,3623.0444444444443,6677.633333333334,8067.38888888889,7141.7555555555555
201804,장안1동,주간,2964.5714285714284,9684.495238095236,11253.942857142858,7957.095238095238
201804,장안1동,야간,3732.4555555555557,10512.822222222223,9630.244444444445,7205.777777777777
201804,장안2동,주간,4562.304761904762,7343.5,8825.795238095237,6613.914285714286
201804,장안2동,야간,4649.633333333333,9462.044444444446,9630.855555555556,7412.522222222222
201804,청량리동,주간,2020.8857142857144,5273.752380952382,5869.590476190476,7277.528571428571
201804,청량리동,야간,2104.088888888889,5750.38888888889,5605.011111111111,6708.311111111111
201804,회기동,주간,5285.357142857143,12428.07142857143,4937.685714285714,4281.9047619047615
201804,회기동,야간,3039.3111111111107,10737.300000000001,4170.4111111111115,4296.2444444444445
201804,휘경1동,주간,2111.4761904761904,6683.82380952381,4445.085714285714,4336.471428571428
201804,휘경1동,야간,2080.077777777778,7477.711111111112,3864.422222222222,3409.0
201804,휘경2동,주간,4034.495238095238,6228.119047619048,4739.5142857142855,4360.447619047619
201804,휘경2동,야간,3761.433333333333,9452.533333333333,6501.2555555555555,5327.9111111111115
201804,이문1동,주간,4891.7,16009.842857142856,5424.257142857144,4406.066666666667
201804,이문1동,야간,4573.533333333334,15180.744444444443,6403.377777777779,5640.722222222223
201804,이문2동,주간,1892.5666666666668,3470.442857142857,3793.295238095238,3864.995238095238
201804,이문2동,야간,3938.2555555555555,6195.077777777778,6583.2,5493.422222222222
201805,용신동,주간,4699.940092165898,15536.986175115208,16155.686635944701,14677.783410138249
201805,용신동,야간,4512.967741935484,13877.139784946237,10868.05376344086,9720.322580645161
201805,제기동,주간,3851.3594470046082,10825.520737327188,9586.506912442395,12907.225806451612
201805,전농1동,주간,5444.221198156682,10694.308755760369,10870.99539170507,11013.170506912442
201805,전농1동,야간,4462.462365591397,9850.118279569893,9294.849462365592,7860.537634408603
201805,전농2동,주간,3850.926267281106,5322.995391705069,3682.221198156682,3286.73732718894
201805,답십리1동,주간,2771.184331797235,5402.42396313364,6028.875576036867,5158.046082949309
201805,답십리1동,야간,4079.161290322581,8238.075268817205,7654.505376344086,5606.462365591397
201805,답십리2동,주간,1819.8663594470047,4242.299539170507,5624.695852534562,4924.202764976959
201805,장안1동,주간,2993.714285714286,9632.082949308755,11291.317972350229,8031.949308755761
201805,장안1동,야간,3898.0107526881725,10637.236559139785,9739.483870967742,7291.107526881721
201805,장안2동,주간,4270.4562211981565,7196.216589861751,8647.820276497696,6485.350230414747
201805,청량리동,주간,2243.7327188940094,5631.9861751152075,6213.216589861751,7628.935483870968
201805,청량리동,야간,2214.6129032258063,6236.870967741936,6022.698924731183,6978.236559139786
201805,회기동,주간,4851.387096774194,11953.41474654378,4727.377880184332,4185.350230414747
201805,회기동,야간,2979.118279569893,10561.505376344086,4078.741935483871,4223.032258064516
201805,휘경1동,주간,2009.6451612903224,6520.175115207373,4437.682027649769,4333.42396313364
201805,휘경1동,야간,2015.4946236559138,7245.784946236559,3839.817204301075,3463.548387096774
201805,휘경2동,주간,3568.1244239631337,6173.055299539171,4565.778801843318,4252.548387096775
201805,이문1동,주간,4598.405529953917,15773.207373271889,5365.534562211981,4380.336405529954
201805,이문1동,야간,4330.774193548387,14971.04301075269,6441.419354838709,5653.215053763441
201805,이문2동,주간,2014.0,3638.6129032258063,3966.193548387097,4062.470046082949
201805,이문2동,야간,3877.4193548387098,6170.795698924731,6577.043010752688,5547.387096774193
201805,제기동,야간,3964.3333333333335,11445.064516129032,8190.591397849462,8794.086021505376
201805,답십리2동,야간,3475.8709677419356,6669.94623655914,7975.043010752688,7046.8279569892475
201805,장안2동,야간,4513.086021505376,9121.387096774193,9359.741935483871,7253.666666666667
201805,전농2동,야간,2830.6451612903224,4569.451612903226,5203.397849462365,4266.591397849462
201805,휘경2동,야간,3604.462365591398,9271.05376344086,6372.881720430108,5196.021505376344
201806,이문2동,주간,2093.8761904761905,3657.9333333333334,3875.4904761904763,4073.9666666666667
201806,용신동,야간,4414.3,14174.866666666667,10959.188888888888,9885.833333333334
201806,용신동,주간,4608.704761904762,15838.719047619048,16303.4,15561.9
201806,제기동,주간,3542.0666666666666,10875.095238095239,9975.704761904763,13119.038095238095
201806,제기동,야간,3682.8111111111107,11335.6,8181.9111111111115,8911.488888888889
201806,전농1동,야간,4772.488888888889,10191.111111111111,9420.122222222222,7831.277777777777
201806,전농1동,주간,5735.490476190476,10904.590476190477,10967.390476190476,11143.371428571429
201806,전농2동,주간,3784.7380952380954,5018.7904761904765,3711.980952380952,3299.5714285714284
201806,전농2동,야간,2936.211111111111,4583.322222222222,5206.4111111111115,4167.688888888889
201806,답십리1동,주간,3065.0714285714284,5629.133333333333,6201.838095238096,5343.609523809524
201806,답십리1동,야간,4089.588888888889,8276.91111111111,7725.7555555555555,5696.177777777778
201806,답십리2동,주간,1935.4095238095238,4389.880952380952,5673.2619047619055,5097.099999999999
201806,답십리2동,야간,3524.288888888889,6711.944444444444,7968.777777777777,7042.955555555555
201806,장안1동,주간,3324.171428571429,9875.828571428572,11485.890476190476,8209.742857142857
201806,장안1동,야간,4199.455555555555,10943.511111111111,10274.744444444445,7818.88888888889
201806,장안2동,주간,4623.42380952381,7443.304761904762,8746.904761904761,6572.471428571429
201806,장안2동,야간,4381.822222222222,8851.255555555555,8942.58888888889,6831.377777777779
201806,청량리동,주간,2143.695238095238,5119.857142857143,5387.361904761905,6755.561904761905
201806,청량리동,야간,2140.077777777778,5559.955555555555,5478.155555555556,6375.2555555555555
201806,회기동,주간,4558.352380952381,11692.304761904761,5016.723809523809,4446.6
201806,회기동,야간,2982.1111111111113,10623.744444444445,4234.3,4293.855555555556
201806,휘경1동,주간,1899.1666666666665,6293.400000000001,4326.685714285714,4279.8761904761905
201806,휘경1동,야간,1934.5777777777778,7020.422222222222,3771.3888888888887,3454.4777777777776
201806,휘경2동,주간,3744.3619047619045,5795.07619047619,4374.961904761904,4031.085714285714
201806,휘경2동,야간,3556.077777777778,8892.755555555555,6200.711111111112,5116.533333333334
201806,이문1동,주간,4001.7333333333336,14813.442857142858,5302.904761904762,4260.857142857143
201806,이문1동,야간,4035.3333333333335,14966.877777777778,6380.966666666667,5567.5888888888885
201806,이문2동,야간,3835.8777777777777,6228.633333333334,6550.144444444445,5653.822222222222
201807,휘경2동,주간,3102.013824884793,5331.248847926267,4244.990783410138,3936.3548387096776
201807,용신동,주간,4284.235023041475,15521.889400921658,16292.032258064515,14701.811059907834
201807,용신동,야간,3914.8494623655915,13481.430107526881,10643.655913978495,9534.20430107527
201807,제기동,주간,3122.4470046082947,9664.783410138249,9733.142857142857,12750.129032258064
201807,제기동,야간,3324.6129032258063,10311.89247311828,8143.8064516129025,8913.430107526881
201807,전농1동,주간,5484.258064516129,10347.184331797236,10878.797235023041,11356.10599078341
201807,전농1동,야간,4479.763440860215,10068.569892473119,9308.462365591398,7827.666666666667
201807,전농2동,주간,3253.350230414747,4297.594470046083,3777.3133640552996,3501.7281105990783
201807,전농2동,야간,2913.483870967742,4573.376344086021,5239.397849462365,4260.8494623655915
201807,답십리1동,주간,2941.299539170507,5356.096774193548,5951.894009216589,5042.6866359447
201807,답십리1동,야간,3851.1075268817203,7805.376344086021,7395.462365591397,5449.709677419355
201807,답십리2동,주간,2152.10599078341,4427.672811059908,5700.239631336406,5170.949308755761
201807,답십리2동,야간,3459.021505376344,6702.107526881721,7841.387096774193,6759.032258064516
201807,장안1동,주간,3232.1244239631337,9855.42396313364,11480.05069124424,8222.562211981567
201807,장안1동,야간,4001.516129032258,10832.075268817205,10169.709677419354,7860.387096774193
201807,장안2동,주간,4724.645161290323,7572.317972350231,8757.543778801843,6639.0138248847925
201807,장안2동,야간,4379.741935483871,9045.064516129032,9069.989247311829,7018.537634408603
201807,청량리동,야간,2036.3763440860214,5292.05376344086,5362.129032258064,6312.021505376345
201807,청량리동,주간,2120.958525345622,5294.21198156682,5658.645161290323,7360.981566820276
201807,회기동,주간,3683.5023041474656,9768.728110599079,5386.714285714285,4822.327188940092
201807,회기동,야간,2850.8709677419356,9688.161290322581,4809.989247311828,4624.290322580645
201807,휘경1동,야간,1763.752688172043,6308.462365591397,3817.225806451613,3471.548387096774
201807,휘경1동,주간,1781.004608294931,5745.635944700461,4250.47465437788,4244.599078341014
201807,휘경2동,야간,3193.462365591398,8302.741935483871,6024.849462365591,4940.301075268817
201807,이문1동,주간,2877.377880184332,11216.857142857143,5030.769585253457,4138.880184331797
201807,이문1동,야간,3255.0967741935488,12745.053763440861,6239.118279569892,5432.612903225806
201807,이문2동,주간,2276.1336405529955,3503.304147465438,3806.299539170507,4039.221198156682
201807,이문2동,야간,3779.8279569892475,6152.505376344086,6609.430107526881,5706.731182795699
201808,전농2동,주간,2862.1152073732715,4112.824884792627,3747.649769585253,3486.3317972350233
201808,용신동,주간,4063.5806451612907,14779.313364055299,15589.382488479261,13621.036866359447
201808,용신동,야간,3839.8494623655915,13140.236559139785,10275.52688172043,9112.602150537634
201808,제기동,야간,3227.182795698925,10493.838709677419,8406.279569892473,9325.978494623656
201808,제기동,주간,3050.2764976958524,9700.976958525347,10120.304147465436,13803.350230414746
201808,전농1동,주간,5292.165898617512,9757.502304147465,10317.096774193547,10719.244239631336
201808,전농1동,야간,4375.1505376344085,9888.36559139785,9025.301075268817,7455.63440860215
201808,전농2동,야간,2730.548387096774,4601.806451612903,5237.268817204301,4278.677419354839
201808,답십리1동,주간,3168.834101382489,5612.345622119816,6183.548387096774,5338.5115207373265
201808,답십리1동,야간,4317.10752688172,8468.043010752688,8096.591397849462,5904.8064516129025
201808,답십리2동,주간,2210.3824884792625,4436.824884792627,5753.907834101382,5213.179723502304
201808,답십리2동,야간,3446.3333333333335,6499.849462365591,7717.376344086021,6586.870967741936
201808,장안1동,주간,3273.119815668203,9939.110599078342,11635.42396313364,8497.387096774193
201808,장안1동,야간,3928.0860215053763,10892.376344086022,10201.655913978495,7975.559139784946
201808,장안2동,주간,4549.184331797235,7129.119815668202,8294.3133640553,6531.460829493088
201808,장안2동,야간,4297.397849462365,8793.150537634408,8877.483870967742,7024.129032258064
201808,청량리동,주간,2194.6543778801843,5735.907834101382,6256.903225806452,8298.695852534562
201808,청량리동,야간,1953.010752688172,5252.956989247312,5425.419354838709,6306.36559139785
201808,회기동,주간,3171.847926267281,9369.884792626728,4966.571428571428,4330.728110599079
201808,회기동,야간,2456.7419354838707,8745.935483870968,4050.8064516129034,4061.247311827957
201808,휘경1동,주간,1745.995391705069,5728.774193548387,4139.377880184332,4156.73732718894
201808,휘경2동,주간,3042.6543778801847,5242.027649769586,4202.73732718894,3763.119815668203
201808,휘경2동,야간,3125.569892473118,8155.1935483870975,5909.903225806452,4803.989247311828
201808,이문1동,주간,2858.350230414747,10956.516129032258,5226.995391705069,4262.170506912443
201808,이문1동,야간,3055.2150537634407,12505.967741935485,6246.892473118279,5347.430107526882
201808,이문2동,주간,2366.9769585253457,3496.5668202764978,3887.188940092166,3988.866359447005
201808,이문2동,야간,3739.3548387096776,6197.548387096774,6700.1720430107525,5700.956989247312
201808,휘경1동,야간,1734.752688172043,6155.247311827957,3804.3763440860216,3400.483870967742
201809,용신동,주간,4349.5142857142855,14709.609523809524,15450.685714285715,14068.080952380953
201809,용신동,야간,3939.422222222222,13279.077777777777,10329.922222222222,9236.477777777778
201809,제기동,야간,3648.3111111111107,11490.022222222222,8593.622222222222,9526.58888888889
201809,제기동,주간,3736.961904761905,11495.538095238095,10925.047619047618,15675.242857142857
201809,전농1동,주간,5799.380952380952,10606.952380952382,10592.34761904762,10612.080952380953
201809,전농1동,야간,4649.388888888889,10271.388888888889,9309.533333333333,7542.011111111111
201809,전농2동,주간,3380.8619047619045,5091.57619047619,3684.5619047619048,3256.9666666666667
201809,전농2동,야간,2712.611111111111,4503.977777777777,5070.233333333334,4108.188888888889
201809,답십리1동,주간,2978.214285714286,5554.885714285714,6045.666666666666,5189.285714285715
201809,답십리1동,야간,4235.311111111111,7927.177777777778,7816.11111111111,5668.355555555555
201809,답십리2동,주간,2260.214285714286,4702.723809523809,6162.3761904761905,5405.947619047619
201809,답십리2동,야간,3715.4,6790.833333333333,8127.566666666667,6929.2
201809,장안1동,야간,4475.488888888889,12016.944444444445,11392.822222222223,8835.433333333332
201809,장안1동,주간,3528.628571428572,10294.680952380952,12241.457142857142,8811.32380952381
201809,장안2동,주간,4381.671428571429,6537.233333333333,7910.7,6183.8761904761905
201809,장안2동,야간,3977.9,7531.4111111111115,7762.688888888889,6270.922222222222
201809,청량리동,주간,2171.9238095238097,5613.190476190476,6206.304761904762,8075.928571428572
201809,청량리동,야간,2071.233333333333,5546.677777777778,5696.4111111111115,6431.844444444444
201809,회기동,야간,2727.422222222222,9895.811111111112,4014.555555555555,3915.011111111111
201809,회기동,주간,4191.0,11616.204761904763,4877.095238095238,4060.538095238095
201809,휘경1동,주간,1809.1238095238095,6250.07619047619,4444.5142857142855,4405.1238095238095
201809,휘경1동,야간,1860.8111111111111,6886.811111111111,3911.3222222222225,3443.511111111111
201809,휘경2동,주간,3515.2333333333336,5897.142857142857,4659.323809523809,3997.414285714286
201809,휘경2동,야간,3431.6555555555556,8772.177777777777,6152.222222222223,4930.822222222222
201809,이문1동,주간,3748.580952380952,14667.247619047619,5408.971428571429,4289.352380952381
201809,이문1동,야간,3660.133333333333,14153.433333333334,6288.433333333333,5405.633333333333
201809,이문2동,야간,3955.133333333333,6427.7555555555555,6883.466666666667,5781.877777777779
201809,이문2동,주간,2345.4904761904763,3564.5761904761903,4006.128571428572,3907.623809523809
201810,용신동,주간,4293.05069124424,15576.95391705069,15909.244239631336,14030.917050691245
201810,용신동,야간,4059.0,13926.204301075268,10532.967741935483,9314.763440860215
201810,제기동,야간,3682.3870967741937,12111.677419354839,8636.849462365592,9473.774193548388
201810,제기동,주간,3797.852534562212,11931.170506912442,10761.41474654378,14857.331797235023
201810,전농1동,주간,5980.571428571428,10532.506912442395,10272.635944700462,10454.903225806453
201810,전농1동,야간,4752.225806451613,10562.451612903225,9337.655913978495,7488.548387096774
201810,전농2동,주간,3663.6451612903224,5531.880184331798,3603.8018433179723,3110.8709677419356
201810,전농2동,야간,2832.161290322581,4567.268817204301,5042.301075268817,3960.0
201810,답십리1동,주간,3026.834101382489,5464.79262672811,6010.027649769586,5130.57603686636
201810,답십리1동,야간,4253.05376344086,8048.204301075269,7774.1935483870975,5612.8064516129025
201810,답십리2동,주간,2111.986175115207,4656.05069124424,6161.308755760369,5385.391705069124
201810,답십리2동,야간,3688.3978494623657,6872.05376344086,8279.086021505376,7006.225806451613
201810,장안1동,야간,4554.741935483871,12051.548387096775,11388.924731182795,8752.075268817205
201810,장안1동,주간,3492.119815668203,10487.092165898617,12421.42857142857,8743.562211981567
201810,장안2동,주간,4398.3087557603685,6528.824884792627,7989.506912442396,6013.152073732718
201810,장안2동,야간,4071.204301075269,7622.752688172043,7919.462365591397,6161.752688172043
201810,청량리동,주간,2130.281105990783,5522.972350230414,6059.41935483871,7862.589861751153
201810,청량리동,야간,2124.94623655914,5774.8064516129025,5830.36559139785,6620.268817204301
201810,회기동,야간,2987.279569892473,10832.94623655914,4077.4086021505377,4010.741935483871
201810,회기동,주간,4808.221198156682,12757.101382488478,5121.506912442396,4195.359447004608
201810,휘경1동,주간,1802.1935483870968,6385.751152073733,4430.852534562212,4372.188940092166
201810,휘경1동,야간,1893.4623655913977,7353.0,3979.9677419354834,3529.1505376344085
201810,휘경2동,주간,3781.7327188940094,6113.069124423963,4543.069124423963,3901.3087557603685
201810,휘경2동,야간,3504.698924731183,9321.247311827958,6207.666666666667,4900.89247311828
201810,이문1동,주간,3961.2811059907835,16053.746543778801,5307.552995391705,4179.84331797235
201810,이문1동,야간,3838.0322580645166,15238.763440860215,6226.215053763441,5344.956989247312
201810,이문2동,야간,3996.2150537634407,6457.204301075269,6911.817204301075,5732.333333333333
201810,이문2동,주간,2323.6175115207375,3435.3594470046082,3837.8248847926266,3756.5391705069123
201812,용신동,야간,3990.279569892473,13670.89247311828,10700.505376344086,9820.612903225807
201812,제기동,야간,3557.1290322580644,11550.838709677419,8600.311827956988,9784.462365591398
201812,전농1동,야간,4563.301075268817,11098.150537634408,9734.172043010753,8182.268817204301
201812,전농2동,야간,2928.47311827957,5092.978494623656,5232.311827956989,4195.731182795699
201812,답십리1동,야간,4538.1505376344085,8580.838709677419,8386.322580645161,6134.333333333333
201812,답십리2동,야간,3506.204301075269,6170.096774193548,7764.559139784946,6866.043010752688
201812,장안1동,야간,3999.9247311827953,10716.58064516129,10242.064516129032,8058.8064516129025
201812,장안2동,야간,4515.462365591397,8508.311827956988,9038.47311827957,7146.1720430107525
201812,청량리동,야간,1820.1397849462364,4931.623655913979,5140.720430107527,6081.817204301075
201812,회기동,야간,2625.0967741935483,9889.677419354839,3935.47311827957,4017.161290322581
201812,휘경1동,야간,1879.8709677419356,7247.301075268817,4143.763440860215,3611.225806451613
201812,휘경2동,야간,3190.6129032258063,8412.709677419354,5790.096774193548,4563.354838709677
201812,이문1동,야간,3374.881720430107,14409.89247311828,5977.4731182795695,5340.89247311828
201812,이문2동,야간,3930.6021505376343,5907.483870967742,6694.462365591397,5748.290322580645
201812,용신동,주간,4152.824884792627,14907.83870967742,15769.41474654378,14785.599078341013
201812,제기동,주간,3497.5115207373274,10446.271889400921,10066.396313364055,14017.129032258064
201812,전농1동,주간,5692.695852534562,11531.880184331796,11411.89400921659,12045.686635944701
201812,전농2동,주간,3882.423963133641,5641.838709677419,4072.7926267281105,3674.626728110599
201812,답십리1동,주간,3442.0875576036865,6193.649769585253,6670.165898617512,5950.299539170506
201812,답십리2동,주간,2146.9078341013824,4142.1612903225805,5600.202764976959,5169.926267281106
201812,장안1동,주간,3534.2350230414745,10029.04608294931,11744.700460829494,8639.341013824886
201812,장안2동,주간,4746.497695852535,7113.949308755761,8591.032258064517,6763.953917050691
201812,청량리동,주간,1831.8433179723502,4990.105990783411,5662.004608294931,7641.202764976959
201812,회기동,주간,3729.6820276497697,11061.866359447004,4927.778801843318,4241.0138248847925
201812,휘경1동,주간,1842.552995391705,6589.3133640553,4514.3133640553,4458.304147465437
201812,휘경2동,주간,3071.9493087557603,5612.645161290323,4354.405529953917,3910.036866359447
201812,이문1동,주간,3662.834101382489,14785.308755760369,5395.8110599078345,4472.649769585253
201812,이문2동,주간,2424.9953917050693,3384.63133640553,3966.5944700460827,4031.0506912442397
201901,용신동,야간,3983.118279569893,13418.68817204301,10569.483870967742,9606.516129032258
201901,제기동,야간,3476.0967741935488,10782.537634408602,8787.043010752688,9973.086021505376
201901,전농1동,야간,4179.666666666667,10554.774193548388,9433.978494623656,8059.978494623655
201901,전농2동,야간,3054.0,5294.559139784947,5745.870967741936,4611.989247311828
201901,답십리1동,야간,4622.774193548387,8479.870967741936,8336.79569892473,6271.279569892474
201901,답십리2동,야간,3722.7096774193546,6655.096774193548,8240.193548387097,7080.688172043011
201901,장안1동,야간,3860.9139784946237,10901.881720430107,10486.387096774193,8208.010752688171
201901,장안2동,야간,4562.010752688172,8612.36559139785,8896.935483870968,7018.989247311828
201901,청량리동,야간,1646.989247311828,4641.967741935484,5022.666666666667,5952.236559139786
201901,회기동,야간,2363.182795698925,8693.311827956988,4037.3118279569894,4188.129032258064
201901,휘경1동,야간,1715.774193548387,6411.301075268817,3935.9462365591394,3440.139784946237
201901,휘경2동,야간,3022.3870967741937,8146.021505376345,5951.8064516129025,4743.10752688172
201901,이문1동,야간,2816.7849462365593,11821.053763440861,5830.064516129033,5200.301075268817
201901,이문2동,야간,3576.720430107527,5412.0,6298.462365591397,5497.655913978495
201901,용신동,주간,4147.94930875576,14934.95391705069,16026.26267281106,14716.271889400921
201901,제기동,주간,3187.2488479262674,9935.483870967742,10553.824884792628,15586.672811059907
201901,전농1동,주간,4921.894009216589,10359.552995391705,10960.663594470045,11981.944700460828
201901,전농2동,주간,3074.1751152073734,4744.050691244239,4192.350230414747,3915.709677419355
201901,답십리1동,주간,3698.4377880184334,5823.276497695852,6399.691244239631,5749.73732718894
201901,답십리2동,주간,2885.2764976958524,4506.400921658986,6048.774193548387,5531.046082949309
201901,장안1동,주간,3515.5069124423962,10357.686635944701,12165.382488479261,8674.622119815667
201901,장안2동,주간,4829.834101382488,7093.672811059908,8406.207373271889,6657.124423963133
201901,청량리동,주간,1846.0552995391704,4980.78801843318,5797.529953917051,7947.714285714285
201901,회기동,주간,2521.7050691244235,9129.239631336406,4935.898617511521,4415.79262672811
201901,휘경1동,주간,1803.7096774193546,5964.055299539171,4392.820276497696,4329.926267281106
201901,휘경2동,주간,2732.3917050691243,5328.285714285715,4389.9861751152075,4008.926267281106
201901,이문1동,주간,2767.599078341014,10964.078341013825,5020.041474654377,4255.903225806452
201901,이문2동,주간,2682.9216589861753,3176.917050691244,3789.4930875576038,4016.6543778801847
201902,용신동,야간,3839.547619047619,12716.22619047619,10313.809523809525,9277.67857142857
201902,제기동,야간,3453.904761904762,9908.04761904762,8458.333333333334,9501.988095238095
201902,전농1동,야간,4275.297619047619,10178.535714285714,9254.25,7844.333333333333
201902,전농2동,야간,2869.8095238095234,4636.178571428572,5442.488095238095,4301.047619047619
201902,답십리1동,야간,4347.833333333333,8154.5,8003.928571428572,6085.666666666667
201902,답십리2동,야간,3883.7619047619046,7058.964285714286,8530.892857142857,7231.511904761905
201902,장안1동,야간,4075.285714285714,11351.380952380952,11061.380952380952,8703.916666666666
201902,장안2동,야간,4272.261904761905,7636.357142857142,8193.690476190475,6404.380952380953
201902,청량리동,야간,1773.0595238095239,4671.428571428572,5206.369047619048,6056.5
201902,회기동,야간,2277.8214285714284,7631.845238095238,3903.6190476190477,3934.321428571429
201902,휘경1동,야간,1580.6785714285716,5613.726190476191,3768.9404761904766,3307.2380952380954
201902,휘경2동,야간,3038.154761904762,7737.75,5971.761904761905,4907.761904761905
201902,이문1동,야간,2509.6190476190477,9920.79761904762,5248.416666666667,4803.059523809524
201902,이문2동,야간,3495.345238095238,5371.464285714285,6310.261904761905,5607.892857142858
201902,용신동,주간,4050.908163265306,13790.44387755102,15139.923469387755,13665.979591836734
201902,제기동,주간,3259.2091836734694,9617.73469387755,10372.903061224491,14360.341836734693
201902,전농1동,주간,4953.198979591836,9945.163265306122,10526.872448979591,10650.255102040815
201902,전농2동,주간,2653.045918367347,4003.474489795918,3933.331632653061,3492.0102040816323
201902,답십리1동,주간,3421.576530612245,5693.102040816326,6190.607142857143,5574.408163265306
201902,답십리2동,주간,3116.688775510204,5042.40306122449,6561.591836734694,5948.84693877551
201902,장안1동,주간,3536.923469387755,10241.596938775509,12117.066326530612,8841.76530612245
201902,장안2동,주간,4684.7959183673465,6828.739795918367,8279.311224489797,6459.908163265306
201902,청량리동,주간,2067.015306122449,5411.244897959184,6334.979591836735,8242.811224489797
201902,회기동,주간,2873.8928571428573,8379.107142857143,4868.178571428572,4208.65306122449
201902,휘경1동,주간,1817.204081632653,5819.198979591836,4464.826530612245,4401.576530612245
201902,휘경2동,주간,2532.387755102041,5042.923469387754,4362.964285714285,3937.6479591836733
201902,이문1동,주간,2585.423469387755,9020.775510204081,4773.984693877551,4022.372448979592
201902,이문2동,주간,2566.474489795918,3269.1020408163267,3891.3469387755104,4044.5
201903,용신동,야간,4388.537634408603,13670.215053763442,10576.10752688172,9375.301075268817
201903,제기동,야간,4141.752688172043,11787.827956989247,8504.21505376344,9584.430107526881
201903,전농1동,야간,5042.709677419355,11214.666666666666,9825.139784946236,8124.516129032258
201903,전농2동,야간,2912.516129032258,4520.215053763441,5247.677419354839,4102.354838709677
201903,답십리1동,야간,4470.376344086021,8089.849462365591,7954.354838709678,5992.419354838709
201903,답십리2동,야간,3762.0967741935488,7128.451612903226,8641.193548387097,7346.215053763441
201903,장안1동,야간,4250.075268817204,11845.806451612903,11405.31182795699,8805.677419354839
201903,장안2동,야간,4163.720430107527,7632.129032258064,8133.0,6227.580645161291
201903,청량리동,야간,1909.0645161290322,5035.333333333333,5280.354838709677,6094.752688172043
201903,회기동,야간,3163.225806451613,9826.0,4052.0,3983.0752688172047
201903,휘경1동,야간,1851.5591397849464,6597.537634408603,3869.043010752688,3303.6344086021504
201903,휘경2동,야간,3567.161290322581,8781.881720430107,6136.290322580645,4990.462365591397
201903,이문1동,야간,3721.258064516129,12606.301075268819,5238.935483870968,4720.623655913979
201903,이문2동,야간,3827.881720430107,5603.086021505376,6336.795698924731,5659.279569892474
201903,용신동,주간,4275.824884792627,14790.557603686637,15780.543778801844,14079.967741935485
201903,제기동,주간,4091.760368663595,11220.009216589862,10426.285714285714,14730.023041474653
201903,전농1동,주간,6286.405529953917,10701.963133640553,10572.285714285714,10858.944700460828
201903,전농2동,주간,3973.7972350230416,5227.460829493088,3759.820276497696,3225.456221198157
201903,답십리1동,주간,3123.6682027649767,5493.170506912443,6030.672811059908,5339.36866359447
201903,답십리2동,주간,2182.3594470046082,4836.506912442396,6414.612903225806,5853.755760368664
201903,장안1동,주간,3251.410138248848,10334.193548387097,12313.682027649771,8836.940092165898
201903,장안2동,주간,4383.437788018434,6637.308755760369,8211.917050691245,6321.63133640553
201903,청량리동,주간,2179.396313364055,5632.566820276498,6342.152073732718,8391.3133640553
201903,회기동,주간,5219.041474654377,11568.0,5167.714285714285,4254.147465437788
201903,휘경1동,주간,1843.7695852534562,6270.1336405529955,4439.0,4405.78801843318
201903,휘경2동,주간,3749.9078341013824,5697.760368663594,4508.073732718894,3967.15668202765
201903,이문1동,주간,4506.152073732719,14031.147465437787,5045.552995391705,3966.0645161290327
201903,이문2동,주간,2048.10599078341,3112.769585253456,3654.225806451613,3829.3225806451615
201904,용신동,야간,4367.188888888889,13528.033333333333,10521.977777777778,9154.755555555555
201904,제기동,야간,4156.177777777778,11827.066666666666,8448.922222222222,9531.300000000001
201904,전농1동,야간,4888.377777777778,11005.655555555555,9545.866666666667,8043.0888888888885
201904,전농2동,야간,2948.433333333333,4609.688888888889,5251.333333333333,4105.577777777778
201904,답십리1동,야간,4451.933333333333,8029.211111111112,7923.844444444444,5872.7555555555555
201904,답십리2동,야간,3666.7333333333336,7114.655555555556,8631.844444444445,7323.922222222222
201904,장안1동,야간,4188.155555555556,11571.755555555557,11329.78888888889,8544.344444444445
201904,장안2동,야간,4080.2555555555555,7550.066666666667,8061.722222222223,6128.722222222223
201904,청량리동,야간,1879.4444444444443,4893.955555555555,5160.877777777778,5932.3
201904,회기동,야간,3281.7333333333336,10271.322222222223,4079.088888888889,3874.011111111111
201904,휘경1동,야간,1816.3333333333333,6448.133333333334,3783.2444444444445,3309.6222222222223
201904,휘경2동,야간,3507.088888888889,8788.955555555554,5982.988888888889,4845.188888888889
201904,이문1동,야간,3677.5444444444443,12625.244444444443,5079.599999999999,4622.544444444445
201904,이문2동,야간,3696.3444444444444,5589.0888888888885,6252.222222222223,5574.222222222223
201904,용신동,주간,4268.461904761904,14722.385714285714,15647.452380952382,13552.995238095236
201904,제기동,주간,4183.333333333333,11219.409523809523,10421.733333333334,14596.728571428572
201904,전농1동,주간,5998.842857142858,10235.842857142856,9916.566666666666,10231.685714285715
201904,전농2동,주간,3956.7190476190476,5326.147619047619,3642.1428571428573,3124.9904761904763
201904,답십리1동,주간,3068.961904761905,5190.109523809524,5836.928571428572,5112.8761904761905
201904,답십리2동,주간,2087.4,4623.728571428571,6248.804761904762,5661.142857142857
201904,장안1동,주간,3057.2571428571428,10106.22380952381,12240.323809523808,8504.2
201904,장안2동,주간,4314.47619047619,6469.17619047619,8006.128571428571,6124.057142857143
201904,청량리동,주간,2102.2190476190476,5357.714285714285,6067.171428571428,7890.742857142856
201904,회기동,주간,5345.223809523809,12114.338095238096,5255.028571428571,4188.609523809524
201904,휘경1동,주간,1742.2857142857142,6006.009523809524,4313.238095238095,4278.980952380952
201904,휘경2동,주간,3798.9380952380952,5665.804761904762,4451.919047619048,3875.495238095238
201904,이문1동,주간,4429.614285714286,14203.361904761905,4685.476190476191,3690.661904761905
201904,이문2동,주간,1933.8619047619047,2937.1095238095236,3475.1761904761906,3710.3857142857146
201905,용신동,야간,4254.354838709677,13303.774193548386,10244.903225806453,8811.881720430107
201905,제기동,야간,3944.7849462365593,11508.053763440861,8250.63440860215,9446.451612903225
201905,전농1동,야간,4391.182795698925,10572.602150537634,9109.89247311828,7655.1720430107525
201905,전농2동,야간,2697.182795698925,4409.612903225806,4963.247311827957,3912.548387096774
201905,답십리1동,야간,4292.387096774194,8003.268817204301,7699.645161290322,5651.913978494624
201905,답십리2동,야간,3638.3440860215055,6830.36559139785,8290.709677419354,7126.784946236559
201905,장안1동,야간,4097.956989247312,11350.913978494624,10956.494623655914,8368.838709677419
201905,장안2동,야간,3947.1505376344085,7367.010752688172,7776.086021505376,5849.548387096774
201905,청량리동,야간,1755.3978494623655,4774.279569892473,4972.860215053764,5827.430107526881
201905,회기동,야간,3018.3763440860216,10056.935483870968,3882.1075268817203,3666.1290322580644
201905,휘경1동,야간,1681.978494623656,6290.419354838709,3659.956989247312,3256.2150537634407
201905,휘경2동,야간,3401.182795698925,8546.161290322581,5843.731182795699,4746.333333333333
201905,이문1동,야간,3308.6344086021504,11975.354838709676,4738.741935483871,4268.354838709677
201905,이문2동,야간,3439.3440860215055,5420.89247311828,6052.677419354838,5361.537634408603
201905,용신동,주간,3998.0,14076.216589861751,14813.57142857143,12695.99539170507
201905,제기동,주간,3969.8847926267285,11064.138248847927,10269.539170506914,14911.599078341013
201905,전농1동,주간,5465.73271889401,9750.622119815669,9281.658986175114,9124.695852534562
201905,전농2동,주간,3734.5391705069123,4925.331797235022,3481.6589861751154,3023.4193548387093
201905,답십리1동,주간,2939.516129032258,5146.465437788019,5673.092165898618,4945.294930875576
201905,답십리2동,주간,1976.5345622119817,4504.774193548387,6072.668202764978,5418.78801843318
201905,장안1동,주간,3053.861751152074,9810.281105990784,11684.47465437788,8185.963133640553
201905,장안2동,주간,4047.7281105990783,6303.497695852535,7765.907834101382,5903.760368663594
201905,청량리동,주간,1971.299539170507,5255.852534562212,5906.917050691244,7669.073732718894
201905,회기동,주간,4961.963133640553,11627.188940092166,4917.705069124424,3950.7511520737326
201905,휘경1동,주간,1639.7926267281107,5889.331797235022,4081.4608294930877,4097.622119815668
201905,휘경2동,주간,3519.0645161290327,5486.571428571428,4256.069124423963,3680.0276497695854
201905,이문1동,주간,4078.778801843318,13646.46543778802,4536.847926267281,3509.3824884792625
201905,이문2동,주간,1920.3502304147464,2965.3548387096776,3522.216589861751,3689.4608294930877
201906,용신동,야간,4142.188888888889,13473.41111111111,10338.944444444443,8935.177777777777
201906,제기동,야간,3470.988888888889,11128.255555555557,8057.788888888888,9233.844444444445
201906,전농1동,야간,4557.611111111111,10670.011111111111,9372.822222222223,7891.38888888889
201906,전농2동,야간,2585.9,4217.3,4735.0,3646.5333333333333
201906,답십리1동,야간,4383.2,7937.599999999999,7582.3,5601.7
201906,답십리2동,야간,3683.5,6838.855555555555,8112.033333333333,6963.011111111111
201906,장안1동,야간,4092.8222222222225,11477.577777777777,10864.333333333334,8379.355555555556
201906,장안2동,야간,3937.5222222222224,7381.177777777778,7727.9111111111115,5815.422222222222
201906,청량리동,야간,1754.4666666666665,4659.711111111111,4712.0888888888885,5708.055555555556
201906,회기동,야간,2972.788888888889,10125.522222222222,3780.0222222222224,3725.9555555555557
201906,휘경1동,야간,1680.677777777778,6484.222222222223,3811.3222222222225,3312.277777777778
201906,휘경2동,야간,3445.4666666666667,8472.755555555555,5800.722222222223,4743.344444444444
201906,이문1동,야간,3196.9777777777776,11804.044444444444,4629.655555555556,4104.522222222223
201906,이문2동,야간,3531.3444444444444,5590.288888888888,6172.599999999999,5389.677777777778
201906,용신동,주간,4007.4476190476194,14117.161904761904,14637.419047619047,12928.680952380952
201906,제기동,주간,3485.709523809524,10818.695238095239,10244.366666666667,14940.77619047619
201906,전농1동,주간,5479.400000000001,10006.423809523809,9438.4,9161.061904761906
201906,전농2동,주간,3420.9904761904763,4633.933333333333,3457.842857142857,2980.347619047619
201906,답십리1동,주간,3153.9761904761904,5337.361904761905,5610.366666666667,4999.657142857142
201906,답십리2동,주간,2234.4333333333334,4664.409523809523,6045.795238095238,5430.142857142857
201906,장안1동,주간,3118.2571428571428,9913.176190476192,11437.490476190476,8187.490476190476
201906,장안2동,주간,4273.138095238095,6474.671428571428,7861.609523809524,5986.1238095238095
201906,청량리동,주간,1938.9476190476191,5110.928571428572,5617.919047619048,7462.0142857142855
201906,회기동,주간,4458.871428571429,11054.1,4651.966666666666,3867.547619047619
201906,휘경1동,주간,1690.0380952380951,6154.938095238095,4251.947619047619,4256.333333333333
201906,휘경2동,주간,3586.657142857143,5516.133333333333,4326.128571428571,3784.876190476191
201906,이문1동,주간,3682.4333333333334,12749.009523809524,4449.690476190476,3432.838095238095
201906,이문2동,주간,2042.6238095238095,3084.1,3510.7761904761905,3678.128571428572
201907,용신동,야간,3757.139784946237,12960.978494623656,10186.494623655914,8914.010752688171
201907,제기동,야간,3094.258064516129,10041.41935483871,7749.204301075269,8948.387096774193
201907,전농1동,야간,4305.881720430108,10340.58064516129,9501.086021505376,7778.5268817204305
201907,전농2동,야간,2425.05376344086,3869.8494623655915,4567.978494623656,3471.548387096774
201907,답십리1동,야간,4266.419354838709,7922.677419354838,7610.63440860215,5495.043010752688
201907,답십리2동,야간,3512.279569892473,6737.913978494624,7864.741935483871,6813.913978494624
201907,장안1동,야간,4010.559139784946,11525.440860215052,10720.397849462366,8323.7311827957
201907,장안2동,야간,3803.569892473118,7304.559139784946,7639.483870967742,5500.301075268817
201907,청량리동,야간,1588.1397849462364,4539.870967741936,4626.612903225806,5491.569892473119
201907,회기동,야간,2399.827956989247,8470.387096774193,3699.3440860215055,3689.9032258064512
201907,휘경1동,야간,1621.978494623656,5998.075268817204,3898.6021505376343,3285.6451612903224
201907,휘경2동,야간,3132.817204301075,7850.8279569892475,5790.311827956989,4682.258064516129
201907,이문1동,야간,2341.6559139784945,9678.440860215054,4312.010752688172,3924.462365591398
201907,이문2동,야간,3341.935483870968,5497.8064516129025,6155.731182795699,5270.032258064516
201907,용신동,주간,3813.1751152073734,14076.866359447004,14796.718894009216,12558.963133640553
201907,제기동,주간,3004.861751152074,9683.391705069123,9957.147465437787,14317.15668202765
201907,전농1동,주간,5011.3410138248855,9207.179723502304,9360.852534562213,9041.10138248848
201907,전농2동,주간,2684.410138248848,3640.4331797235022,3234.2764976958524,2895.6820276497697
201907,답십리1동,주간,3190.0921658986176,5206.769585253457,5572.949308755761,4926.746543778802
201907,답십리2동,주간,2351.516129032258,4531.230414746544,5953.57603686636,5439.976958525345
201907,장안1동,주간,3205.3087557603685,10054.511520737327,11396.53456221198,8192.433179723503
201907,장안2동,주간,4212.562211981566,6454.299539170506,7720.695852534562,5853.562211981567
201907,청량리동,주간,1888.221198156682,4943.898617511521,5510.152073732718,7266.198156682028
201907,회기동,주간,3365.5714285714284,9049.737327188941,4667.055299539171,3875.179723502304
201907,휘경1동,주간,1660.7281105990785,5575.299539170506,4137.119815668203,4075.649769585253
201907,휘경2동,주간,2962.852534562212,4821.884792626728,4197.829493087557,3669.986175115207
201907,이문1동,주간,2420.5253456221194,9097.387096774193,3971.599078341014,3308.032258064516
201907,이문2동,주간,1973.410138248848,2919.0967741935483,3303.4147465437786,3501.820276497696
201908,용신동,야간,4005.021505376344,13780.010752688171,11115.182795698924,9674.720430107527
201908,제기동,야간,2976.537634408602,9702.462365591398,7971.010752688172,9270.58064516129
201908,전농1동,야간,4054.559139784946,10457.043010752688,9428.387096774193,8100.311827956989
201908,전농2동,야간,2648.978494623656,4080.5913978494623,4912.913978494624,3820.462365591398
201908,답십리1동,야간,4201.086021505376,8002.279569892474,7710.784946236559,5560.892473118279
201908,답십리2동,야간,3544.118279569893,6695.010752688172,7919.720430107526,6846.731182795699
201908,장안1동,야간,4137.548387096774,12178.322580645161,11331.04301075269,8582.451612903225
201908,장안2동,야간,3879.741935483871,7448.935483870967,7819.279569892474,5554.451612903226
201908,청량리동,야간,1730.258064516129,4836.559139784947,4984.193548387097,5895.8279569892475
201908,회기동,야간,2377.193548387097,8452.20430107527,3781.3440860215055,3752.698924731183
201908,휘경1동,야간,1814.7956989247311,6465.795698924731,4195.247311827957,3653.881720430107
201908,휘경2동,야간,3434.9677419354834,8413.623655913978,6491.290322580645,5271.698924731183
201908,이문1동,야간,2459.516129032258,9601.645161290322,4629.10752688172,4136.333333333333
201908,이문2동,야간,3389.1720430107525,5743.440860215054,6474.086021505376,5401.591397849462
201908,용신동,주간,3998.0552995391704,14171.41474654378,15165.84331797235,13264.16129032258
201908,제기동,주간,2777.470046082949,9516.124423963134,10138.94930875576,14601.073732718894
201908,전농1동,주간,4878.649769585253,9828.410138248848,9849.350230414746,9697.230414746544
201908,전농2동,주간,2770.783410138249,3648.410138248848,3672.880184331797,3167.4147465437786
201908,답십리1동,주간,3036.2949308755765,5305.612903225806,5558.502304147465,4857.373271889401
201908,답십리2동,주간,2511.78801843318,4635.4838709677415,6024.400921658986,5422.723502304148
201908,장안1동,주간,3338.299539170507,10449.506912442395,11909.124423963134,8527.769585253456
201908,장안2동,주간,4455.5437788018435,6680.8663594470045,8038.677419354839,5987.755760368664
201908,청량리동,주간,1913.4976958525347,5030.248847926267,5699.705069124424,7669.41935483871
201908,회기동,주간,3143.8847926267285,8899.58064516129,4729.447004608295,4042.36866359447
201908,휘경1동,주간,1924.2442396313363,6303.502304147465,4544.912442396313,4466.267281105991
201908,휘경2동,주간,3061.350230414747,5094.036866359447,4403.023041474654,3907.3225806451615
201908,이문1동,주간,2500.046082949309,8786.930875576038,4196.276497695852,3563.3317972350233
201908,이문2동,주간,1967.6728110599076,3165.7511520737326,3566.400921658986,3577.285714285714
201911,용신동,야간,3929.866666666667,13821.377777777778,10674.188888888888,8795.433333333332
201911,제기동,야간,3307.4777777777776,10931.244444444443,7616.488888888889,8408.633333333333
201911,전농1동,야간,4453.2444444444445,10961.199999999999,9719.211111111112,8001.3
201911,전농2동,야간,3087.0444444444443,4591.477777777777,5283.711111111111,4038.277777777778
201911,답십리1동,야간,4249.155555555556,8529.055555555557,7939.677777777778,5758.011111111111
201911,답십리2동,야간,3536.1,7237.7555555555555,8494.522222222222,7336.61111111111
201911,장안1동,야간,4442.966666666666,12533.188888888888,11557.78888888889,8938.288888888888
201911,장안2동,야간,3735.8444444444444,6914.966666666667,7408.211111111112,5247.211111111111
201911,청량리동,야간,1865.0333333333335,4813.422222222222,5211.888888888889,6043.933333333333
201911,회기동,야간,3031.211111111111,11394.27777777778,4393.666666666667,4245.222222222222
201911,휘경1동,야간,2003.7555555555555,7083.7444444444445,4184.533333333334,3481.355555555556
201911,휘경2동,야간,3787.1666666666665,8897.300000000001,6374.977777777778,5048.955555555555
201911,이문1동,야간,3020.488888888889,12790.41111111111,4994.433333333333,4381.733333333334
201911,이문2동,야간,3668.7999999999997,5819.377777777779,6418.488888888889,5359.122222222222
201911,용신동,주간,4041.1428571428573,14926.247619047619,16262.880952380952,14364.566666666666
201911,제기동,주간,3262.304761904762,9776.990476190476,9129.0,12765.523809523811
201911,전농1동,주간,5733.538095238096,10241.038095238095,9939.238095238095,9461.0
201911,전농2동,주간,3772.2809523809524,5135.104761904761,3962.5714285714284,3351.4904761904763
201911,답십리1동,주간,3086.4476190476194,5454.5142857142855,5772.357142857143,4970.004761904762
201911,답십리2동,주간,2088.6380952380955,4901.695238095238,6485.352380952381,5853.4857142857145
201911,장안1동,주간,3618.4333333333334,10495.214285714286,12206.204761904763,8780.852380952381
201911,장안2동,주간,4250.361904761905,6128.661904761904,7678.6238095238095,5718.109523809524
201911,청량리동,주간,1940.6904761904764,5325.842857142858,6191.480952380953,8230.457142857142
201911,회기동,주간,4894.190476190476,13001.861904761905,5624.538095238096,4351.457142857143
201911,휘경1동,주간,1836.042857142857,6351.952380952381,4357.909523809523,4314.671428571429
201911,휘경2동,주간,3710.714285714286,5550.395238095239,4430.642857142857,3876.004761904762
201911,이문1동,주간,3910.419047619048,14438.404761904761,4988.538095238096,3719.247619047619
201911,이문2동,주간,2009.6619047619047,2980.4380952380952,3501.657142857143,3555.128571428572
201912,용신동,야간,3690.956989247312,13265.7311827957,10348.806451612903,8593.612903225807
201912,제기동,야간,3283.720430107527,10497.569892473119,7547.591397849462,8419.602150537634
201912,전농1동,야간,4410.0,11104.204301075268,9925.462365591398,8171.086021505376
201912,전농2동,야간,3076.978494623656,4705.537634408603,5280.881720430108,4099.580645161291
201912,답십리1동,야간,4162.559139784947,8555.924731182795,7964.096774193548,5760.118279569892
201912,답십리2동,야간,3682.881720430107,7426.225806451613,8746.161290322581,7542.989247311828
201912,장안1동,야간,4407.36559139785,12723.236559139785,11715.741935483871,8940.881720430107
201912,장안2동,야간,3977.6451612903224,7121.731182795699,7829.688172043011,5578.591397849462
201912,청량리동,야간,1983.6881720430108,4929.311827956989,5367.096774193548,6247.591397849462
201912,회기동,야간,2846.462365591398,10967.172043010753,4335.795698924731,4195.924731182796
201912,휘경1동,야간,1983.8064516129032,6900.688172043011,4128.494623655914,3547.720430107527
201912,휘경2동,야간,3587.3440860215055,8485.7311827957,6047.204301075269,4872.397849462365
201912,이문1동,야간,2970.7634408602153,12462.913978494624,5148.645161290323,4537.698924731183
201912,이문2동,야간,3504.494623655914,5667.05376344086,6310.279569892474,5237.8279569892475
201912,용신동,주간,3821.9493087557603,14400.649769585254,15745.147465437787,14325.912442396313
201912,제기동,주간,3130.6405529953918,9310.47465437788,8648.359447004608,12147.497695852535
201912,전농1동,주간,5508.622119815668,10470.682027649771,10180.557603686637,10070.801843317971
201912,전농2동,주간,3540.3087557603685,4994.63133640553,3966.672811059908,3367.806451612903
201912,답십리1동,주간,3145.880184331797,5778.3364055299535,6051.8663594470045,5115.861751152073
201912,답십리2동,주간,2325.4976958525344,5261.47465437788,6819.940092165898,6249.470046082949
201912,장안1동,주간,3635.9447004608296,10637.566820276497,12313.345622119816,8956.451612903225
201912,장안2동,주간,4349.437788018434,6383.129032258065,7878.235023041475,5968.193548387097
201912,청량리동,주간,2075.967741935484,5529.847926267282,6522.585253456221,8677.47004608295
201912,회기동,주간,4267.981566820276,12171.15207373272,5413.940092165898,4432.147465437788
201912,휘경1동,주간,1841.4884792626729,6340.949308755761,4352.834101382488,4320.552995391705
201912,휘경2동,주간,3271.7972350230416,5429.4562211981565,4418.8387096774195,4021.1981566820277
201912,이문1동,주간,3378.7557603686632,13365.336405529955,4856.248847926267,3932.221198156682
201912,이문2동,주간,2140.783410138249,3133.4792626728113,3596.6451612903224,3592.3870967741937
202001,용신동,야간,3763.0537634408606,13286.913978494624,10721.870967741936,8917.537634408602
202001,제기동,야간,3182.6881720430106,9606.247311827958,7694.612903225807,8482.301075268817
202001,전농1동,야간,4145.440860215053,10590.354838709678,9788.924731182795,7928.505376344086
202001,전농2동,야간,2994.4086021505377,4549.731182795699,5440.021505376344,4147.580645161291
202001,답십리1동,야간,4080.2150537634407,8422.78494623656,7928.752688172043,5669.139784946236
202001,답십리2동,야간,3580.677419354839,7372.63440860215,8742.096774193547,7468.36559139785
202001,장안1동,야간,4263.387096774194,12582.440860215052,11540.193548387097,8828.483870967742
202001,장안2동,야간,4135.505376344086,7352.870967741936,7960.688172043011,5675.021505376345
202001,청량리동,야간,1978.7956989247311,4889.63440860215,5572.709677419355,6373.451612903226
202001,회기동,야간,2319.182795698925,8558.709677419354,4074.8709677419356,4038.462365591398
202001,휘경1동,야간,1790.1075268817203,6168.956989247312,4206.698924731183,3589.2365591397847
202001,휘경2동,야간,3376.2903225806454,7857.956989247312,6143.236559139786,4832.387096774194
202001,이문1동,야간,2433.2795698924733,9647.7311827957,5004.5161290322585,4393.021505376344
202001,이문2동,야간,3321.4193548387098,5281.215053763441,5949.204301075269,4877.806451612903
202001,용신동,주간,4080.5345622119817,14570.764976958526,15976.907834101383,14692.359447004608
202001,제기동,주간,2815.589861751152,8509.806451612903,8823.714285714286,12474.170506912442
202001,전농1동,주간,4624.557603686636,9605.294930875576,10073.57142857143,9742.483870967742
202001,전농2동,주간,2761.7235023041476,4104.267281105991,4002.746543778802,3486.7926267281105
202001,답십리1동,주간,3293.4654377880183,5689.608294930876,6127.124423963133,5165.797235023041
202001,답십리2동,주간,3079.470046082949,5325.599078341014,6818.023041474655,6240.018433179724
202001,장안1동,주간,3672.769585253456,10674.46543778802,12267.382488479261,8866.036866359447
202001,장안2동,주간,4829.548387096774,6651.834101382488,7955.884792626728,6077.57603686636
202001,청량리동,주간,2113.4976958525344,5313.202764976959,6481.42396313364,8293.175115207374
202001,회기동,주간,2457.963133640553,9042.0,4912.774193548387,4218.672811059908
202001,휘경1동,주간,1926.778801843318,5810.198156682028,4361.193548387097,4232.119815668203
202001,휘경2동,주간,2693.990783410138,4997.304147465438,4481.198156682028,4054.9953917050693
202001,이문1동,주간,2544.1705069124428,9060.935483870968,4438.534562211981,3765.769585253456
202001,이문2동,주간,2402.9447004608296,3142.5345622119817,3614.695852534562,3584.529953917051
202003,용신동,야간,3910.1848645161176,13932.006109677459,10874.542398924734,8675.428174193568
202003,제기동,야간,3305.5422000000003,10269.656684946225,7872.239388172048,8535.100964516138
202003,전농1동,야간,4583.932564516141,10874.422605376354,10014.152944086012,7856.496693548385
202003,전농2동,야간,3045.1353268817184,4475.288836559151,5511.8994053763345,4074.1851612903197
202003,답십리1동,야간,4301.763165591387,8944.205934408612,8434.789522580637,5922.246487096764
202003,답십리2동,야간,3931.3469655913996,7794.36671075271,9034.623350537617,7601.899802150518
202003,장안1동,야간,4369.392079569897,12987.775761290306,11719.234927956992,8889.979483870957
202003,장안2동,야간,4355.164093548379,7782.264835483882,8292.433513978465,5791.971867741923
202003,청량리동,야간,1993.8676096774125,4932.2695655914,5643.374955913977,6368.000772043014
202003,회기동,야간,2431.3101225806477,8649.210904301097,4112.732635483869,4011.0690677419407
202003,휘경1동,야간,1954.5767204301128,6622.593893548383,4329.098465591397,3572.67840430108
202003,휘경2동,야간,3660.5707225806577,8400.293533333332,6461.66599354838,5014.5229311828
202003,이문1동,야간,2633.6058075268843,10117.736376344084,5155.713300000002,4414.397393548367
202003,이문2동,야간,3425.355448387098,5397.385649462362,6129.699122580651,4922.756849462366
202003,용신동,주간,4126.5533105990935,15387.932627188991,15694.011158986215,11981.42935437789
202003,제기동,주간,3037.933278341005,9244.188277419345,8640.451992165888,10320.666806912426
202003,전농1동,주간,4637.316711059918,9716.23044147469,9821.408238248794,8830.221295852565
202003,전농2동,주간,2914.465156221187,4036.851156682019,4318.7982465437735,3661.3566313363976
202003,답십리1동,주간,3799.271533179729,6638.599993548366,6756.8440396313745,5437.759685253456
202003,답십리2동,주간,3711.7265516129146,6065.6095755760525,7313.727804147465,6570.843209677441
202003,장안1동,주간,3812.7128474654373,11399.362752073765,12225.042582027683,8434.312882027618
202003,장안2동,주간,4953.7186364055215,7223.8684866359645,8290.914216129055,6235.452569585259
202003,청량리동,주간,2154.9354193548274,5419.117349769573,6193.995849769576,7104.6835152073745
202003,회기동,주간,2310.1632377880132,9274.602828110596,4830.29702718894,4064.7505917050653
202003,휘경1동,주간,2178.979999539176,6531.63551751153,4447.538222119812,4032.433534562207
202003,휘경2동,주간,3023.191986635947,5831.346849308756,4770.620983870954,4434.782815668181
202003,이문1동,주간,2577.9757105990857,9272.446271889386,4520.321289861751,3777.106046082961
202003,이문2동,주간,2886.6707230414854,3417.436863594477,3832.7137423963213,3813.0491548387254
202004,용신동,야간,4054.431446666649,13986.341317777798,10830.042630000002,8704.80946111109
202004,제기동,야간,3348.674395555557,10556.85229222229,7929.171020000006,8455.402704444426
202004,전농1동,야간,4438.55527666666,10776.900410000006,9775.421793333326,7687.221666666678
202004,전농2동,야간,3168.632289999991,4533.897353333333,5590.688334444432,4071.274373333337
202004,답십리1동,야간,4524.4449222222165,8955.792837777806,8550.67516111113,5959.302707777772
202004,답십리2동,야간,3891.5673277777855,7662.197157777832,8932.735962222217,7460.73195666668
202004,장안1동,야간,4269.5202100000015,12777.925112222196,11657.75295000003,8780.603222222218
202004,장안2동,야간,4433.783406666666,7820.260153333335,8310.438184444476,5758.924587777789
202004,청량리동,야간,2011.747781111113,4915.750554444447,5549.944812222223,6207.913161111107
202004,회기동,야간,2536.0195366666744,9086.888054444462,4153.248208888902,4086.8571688888856
202004,휘경1동,야간,2085.8685966666685,6709.076701111105,4206.1995833333385,3430.5907022222304
202004,휘경2동,야간,3773.12378222221,8570.878913333328,6468.743902222216,5069.606991111111
202004,이문1동,야간,2878.638298888896,10693.361955555527,5294.333517777786,4554.438423333329
202004,이문2동,야간,3385.132733333338,5219.740152222217,5915.348254444445,4729.892074444445
202004,용신동,주간,4313.511067619052,15256.158105714305,15490.619585714257,12387.44978333335
202004,제기동,주간,3059.2230138095265,9460.949710952364,8854.7955247619,10715.959117142851
202004,전농1동,주간,4558.918169999993,9529.711424285722,9742.163924761942,8969.46763190479
202004,전농2동,주간,2997.2806947619006,4092.150401428577,4294.135404761905,3551.913006190469
202004,답십리1동,주간,3901.237885714289,6494.17959761902,6669.073181428569,5392.0728447619085
202004,답십리2동,주간,3609.295404761887,5825.348245238084,7087.2566014285685,6317.997392380979
202004,장안1동,주간,3726.9924709523825,10909.083762381028,11993.455120476303,8224.306789523782
202004,장안2동,주간,5052.112475714307,7288.01231285716,8312.784423809479,6109.766041904811
202004,청량리동,주간,2174.2499690476093,5384.612704285742,6189.8210076190735,7005.507545714312
202004,회기동,주간,2444.574980952383,9845.660318095277,4914.439693809515,4112.731205238081
202004,휘경1동,주간,2247.482420476192,6518.6059038095045,4292.287975238103,3915.079851428577
202004,휘경2동,주간,3077.966586190481,5882.261360952376,4723.978966190484,4395.606442380945
202004,이문1동,주간,2774.54908523809,9641.83573142857,4491.988169999992,3708.2639280952394
202004,이문2동,주간,2782.170547142878,3184.27461047618,3618.079513809519,3531.12949238097
202005,용신동,야간,4140.278708602152,13873.569394623633,10683.32573870968,8751.6306752688
202005,용신동,주간,4452.733382488482,15160.732979723474,15184.367659907828,12599.070143317891
202005,제기동,야간,3383.174881720441,10579.508350537619,7848.146664516117,8471.174513978496
202005,제기동,주간,3048.740405529933,9507.560235483888,8774.110522580662,10872.605885714262
202005,전농1동,야간,4314.598954838711,10530.274392473097,9482.519515053798,7564.913829032274
202005,전농1동,주간,4614.560859447013,9510.761169585256,9700.019571889434,9061.488984792612
202005,전농2동,주간,3152.677229953919,4292.807757603691,4389.463359907823,3559.105054838697
202005,전농2동,야간,3282.2800677419395,4696.652272043012,5664.651400000005,4160.1735118279685
202005,답십리1동,야간,4576.0889698924875,8852.99650645165,8403.570879569894,5927.718274193546
202005,답십리1동,주간,3836.1506188940134,6300.838642857134,6524.027986175109,5328.647205069108
202005,답십리2동,야간,3742.8756301075227,7528.316511827971,8726.871874193583,7443.5892483871
202005,답십리2동,주간,3425.8082230414902,5655.743027188953,7002.035536866373,6248.881228571385
202005,장안1동,야간,4111.245070967737,12527.448784946251,11394.284134408592,8653.333651612917
202005,장안1동,주간,3593.913240552966,10658.606966820293,11698.383511981478,8083.2335769585015
202005,이문1동,주간,2884.195096774184,10160.157735944706,4531.435844239629,3651.997483870978
202005,장안2동,주간,5162.310366359468,7210.822837327142,8224.27578248847,6102.689464055316
202005,장안2동,야간,4583.456911827959,7849.429249462377,8337.094444086046,5760.80358172043
202005,청량리동,야간,1951.1161913978501,4908.570682795699,5487.966043010746,6096.666682795693
202005,청량리동,주간,2149.181794009209,5462.745890783383,6233.828174654374,7169.142248847925
202005,회기동,주간,2574.6764050691304,10003.773397695872,4858.610438709676,4024.39463410137
202005,회기동,야간,2609.777317204301,9360.667731182799,4131.718362365586,4004.997081720432
202005,휘경1동,주간,2266.603214746544,6564.700543317972,4239.382183870959,3842.289971889403
202005,휘경1동,야간,2062.772068817207,6632.028193548372,4106.227144086021,3297.4606698924804
202005,휘경2동,야간,3836.1797623656003,8486.987061290338,6353.839262365608,4951.053434408604
202005,휘경2동,주간,3102.054017972342,5790.393901382486,4653.938131797241,4182.1218359446875
202005,이문1동,야간,2971.2027537634385,10923.393096774184,5283.942853763431,4484.373818279566
202005,이문2동,야간,3315.0119956989256,5190.003310752691,5840.372735483882,4659.417580645162
202005,이문2동,주간,2658.1732525345624,3158.3226368663536,3617.6216898617354,3512.6271359447005
202006,용신동,주간,4457.456186190481,15499.31130190466,15573.082035238025,12561.498713333292
202006,용신동,야간,4268.102961111109,14038.748438888853,10671.615918888869,8798.867077777784
202006,제기동,야간,3437.0956133333257,10690.370497777798,7758.220460000007,8323.74472333334
202006,제기동,주간,3192.593881428573,9776.137653809532,8942.718632857152,10872.935059047599
202006,전농1동,야간,4387.267825555549,10560.75423111112,9502.056375555574,7503.028551111115
202006,전농1동,주간,4972.094330476184,9408.426190952401,9642.078177619054,8900.238020952433
202006,전농2동,주간,3507.5654009523823,4406.75761333334,4281.741598095241,3599.915266666659
202006,전농2동,야간,3335.8595833333325,4648.469224444447,5656.824935555553,4197.487226666669
202006,답십리1동,야간,4620.404357777781,8897.243641111107,8488.132286666641,5877.8801633333205
202006,답십리1동,주간,3676.3513914285636,6144.371260000005,6475.187928571432,5237.94682952381
202006,답십리2동,주간,3025.11168809524,5412.433326190497,6928.009484285724,6257.513039999964
202006,답십리2동,야간,3705.996085555548,7437.555541111102,8628.613238888902,7293.120545555554
202006,장안1동,야간,4166.418423333338,12401.428054444446,11471.582505555527,8628.255048888901
202006,장안1동,주간,3449.888942380953,10578.719845714291,11933.344716666661,8129.6201019047585
202006,장안2동,주간,5219.49244857143,6988.180324285722,8152.231694761885,6086.285980476199
202006,장안2동,야간,4766.701599999997,7916.755236666658,8488.637159999995,5804.117203333331
202006,청량리동,야간,1892.0381666666653,4993.7808755555625,5458.98104777779,6110.3334033333385
202006,청량리동,주간,2186.9598214285675,5562.049148571402,6182.265173809531,7129.242377619028
202006,회기동,주간,3285.855038571426,10831.10640523808,5139.035946190486,4239.552245714275
202006,회기동,야간,2784.8893122222235,9829.328237777772,4176.487867777773,4071.8511433333388
202006,휘경1동,야간,2097.417562222227,6781.321224444437,4023.8847600000045,3289.5546055555574
202006,휘경1동,주간,2212.456725714286,6408.813450952375,4057.489677142848,3819.714799999991
202006,휘경2동,주간,3382.7978738095217,5808.717136666656,4553.0945461904785,4141.01854904761
202006,휘경2동,야간,3813.388182222226,8565.876131111148,6194.376437777767,4892.97502222221
202006,이문1동,야간,3109.170244444444,11488.746042222194,5268.693822222221,4424.28407999999
202006,이문1동,주간,3117.043699523805,10769.58933761906,4464.410976190459,3653.494964285694
202006,이문2동,주간,2347.2138828571474,2955.0399195238015,3447.944733809521,3478.1388990476066
202006,이문2동,야간,3337.6456188888883,5204.482488888893,5854.4636244444455,4670.055252222236
202007,장안1동,야간,3995.1554021505276,12269.569813978467,11385.357089247314,8435.321989247319
202007,장안1동,주간,3325.1176046082924,10523.47282949311,11853.261917050662,7994.902627188951
202007,용신동,야간,4080.5062053763318,13802.367868817215,10718.81873118277,8725.650437634418
202007,용신동,주간,4133.438313364072,14982.14487926265,15353.411291705106,12228.500657142895
202007,제기동,야간,3327.844859139787,10321.121354838726,7856.126945161289,8449.85131075269
202007,제기동,주간,3019.0061281106,9175.722170506937,9024.958044239651,11257.2883082949
202007,전농1동,야간,4251.24109892475,10501.209815053762,9622.502834408633,7571.394996774194
202007,전농1동,주간,4775.271996774196,9218.40975437785,9687.28646635948,9059.022183410149
202007,전농2동,주간,3329.370594009227,4137.261983870963,4266.229984792637,3626.702114746556
202007,전농2동,야간,3254.4980494623774,4510.8559064516085,5592.598108602149,4143.355287096775
202007,답십리1동,야간,4702.894835483865,8854.139156989235,8569.812361290322,5863.362918279562
202007,답십리1동,주간,3701.6752036866324,6060.540884792636,6618.796277419367,5261.045742396319
202007,답십리2동,야간,3711.0505032258116,7516.57971290324,8657.820467741933,7341.564516129011
202007,답십리2동,주간,3033.4832539170447,5375.065129953918,6991.841434101412,6242.188665437787
202007,장안2동,주간,5261.080078801818,6907.283948387112,8247.77730967739,5989.30805944702
202007,장안2동,야간,4740.438716129025,7955.873880645147,8665.290644086004,5796.644168817187
202007,청량리동,야간,1900.0041021505388,4919.098170967746,5464.549750537641,5995.365460215045
202007,청량리동,주간,2174.877714746535,5399.699048847928,6079.343314285724,7026.5941317972665
202007,회기동,주간,3068.930964976957,9759.677245161301,5046.816831336415,4176.752122119835
202007,회기동,야간,2524.4407946236565,9227.250853763435,4137.108941935488,3999.561263440855
202007,휘경1동,주간,2020.3107737327205,6202.033107834111,4074.940273732722,3806.042741013811
202007,휘경1동,야간,1886.6158763440937,6454.982922580636,3906.658608602145,3180.8698000000077
202007,휘경2동,야간,3676.8219849462307,8347.142931182783,6270.269149462348,4951.329412903213
202007,휘경2동,주간,3196.4204930875485,5422.7686414746595,4521.058257142861,4126.375970967753
202007,이문1동,야간,2920.644468817205,10952.630261290366,5349.188548387091,4499.584411827952
202007,이문1동,주간,2796.70178709679,9713.162091705048,4401.889582488487,3671.210878801848
202007,이문2동,야간,3326.125087096783,5140.601835483866,5922.835061290323,4714.243252688169
202007,이문2동,주간,2309.12680276498,2839.822112442395,3445.3345055299583,3475.6487861750984
202008,용신동,야간,3956.497893548391,13392.983839784967,10571.98378817201,8548.437486021508
202008,제기동,야간,3217.0203731182787,10061.185191397855,7717.339205376337,8458.386539784957
202008,전농1동,야간,4094.2006483870996,10298.678208602165,9471.506816129002,7579.14364946238
202008,전농2동,야간,3133.540902150538,4456.2703010752675,5560.0304172043025,4125.823834408601
202008,답십리1동,야간,4492.790676344072,8525.778462365584,8347.439665591373,5624.910672043005
202008,답십리2동,야간,3506.242534408611,7436.0006236558775,8558.930258064513,7314.128268817224
202008,장안1동,야간,3612.591356989242,11672.796269892466,10684.357220430073,7848.844317204273
202008,장안2동,야간,4793.337375268826,8128.569423655917,8907.509480645153,6071.37712150537
202008,청량리동,야간,1827.4717763440847,4834.647482795701,5413.986704301086,5955.853020430106
202008,회기동,야간,2374.8187989247267,8906.32882795699,4028.1154118279624,3872.989209677418
202008,휘경1동,야간,1744.9547376344092,6334.647909677416,3801.422396774187,3088.188588172048
202008,휘경2동,야간,3515.444759139791,8316.837350537635,6183.125456989233,4818.068383870962
202008,이문1동,야간,2716.9784784946296,10581.044590322595,5274.07772688173,4487.325386021518
202008,이문2동,야간,3183.190401075272,5040.230178494633,5808.656774193529,4726.976055913977
202008,용신동,주간,4061.356257603672,14446.521801843295,14639.035775576061,11597.880037327213
202008,제기동,주간,2868.4516410138262,9044.969094470043,8696.210387557627,10726.366855760336
202008,전농1동,주간,4344.987893548368,9272.323299078324,9613.168471889428,8803.998964055338
202008,전농2동,주간,3098.864735023038,4153.981325345595,4385.733613824888,3699.114031336401
202008,답십리1동,주간,3766.4639631336536,6228.905974654371,6717.305290783414,5191.752903686643
202008,답십리2동,주간,3159.8765193548375,5739.001382949321,7189.814530875542,6366.479670967718
202008,장안1동,주간,3256.918644239617,10372.569419815689,11343.127318893976,7710.8786138249
202008,장안2동,주간,5135.631664055279,7195.783576958534,8470.796557142865,6120.946107834085
202008,청량리동,주간,2047.808156221195,5367.276464516157,6028.377701382507,6977.540327188952
202008,회기동,주간,2469.3391373271893,9444.278180184318,4818.361859907838,3967.983858525346
202008,휘경1동,주간,1909.1042599078366,6193.987512903222,4013.1139774193502,3639.0388580645235
202008,휘경2동,주간,2872.3562152073705,5614.9722884792845,4580.356351152075,4062.695717050679
202008,이문1동,주간,2554.6018225806465,9499.866986635981,4488.112912903203,3805.62867788018
202008,이문2동,주간,2416.1678345622126,3012.526688018431,3644.3497230414796,3685.5197760368706
202009,용신동,야간,4035.0018055555447,13735.871195555575,10787.358864444455,8628.679776666675
202009,용신동,주간,4266.4856771428695,15223.628647619027,15628.166650952411,12307.68485238101
202009,제기동,야간,3395.137194444447,10431.852327777784,7931.37053888887,8546.36358666666
202009,제기동,주간,3119.3280928571485,9716.051090476194,9515.767458571494,12107.770517619025
202009,전농1동,야간,4025.638567777769,10496.603358888891,9532.330143333316,7552.464376666641
202009,전농1동,주간,4289.858538095232,9346.35655857144,9509.535490476195,8731.262398095232
202009,전농2동,주간,3196.432130952386,4481.732005714282,4496.746234285717,3769.1431123809457
202009,전농2동,야간,3155.912235555557,4607.653032222225,5653.815174444444,4164.840901111115
202009,답십리1동,야간,4544.081806666664,8650.169281111119,8374.500592222215,5560.528968888896
202009,답십리1동,주간,3900.039211428585,6356.572717142866,6762.203712857149,5165.778124285724
202009,답십리2동,야간,3735.7785722222347,7618.8689088888705,8774.704000000007,7271.468067777787
202009,답십리2동,주간,3305.7764276190505,5903.597964285717,7214.086463809543,6278.848799523809
202009,장안1동,야간,3633.3062355555576,11774.621597777768,10759.857113333333,7942.245488888912
202009,장안1동,주간,3233.813210476182,10573.99577238096,11514.283992380957,7700.059229523804
202009,장안2동,주간,5148.2295914285805,7185.017463333321,8443.39307904761,6061.820874761896
202009,장안2동,야간,4897.901653333323,8099.971469999983,8919.342852222237,6031.363438888883
202009,청량리동,야간,1832.284001111114,4801.963878888892,5468.9469266666665,5867.447453333337
202009,청량리동,주간,2080.83921333333,5402.074509047617,6031.934394285731,6732.2274538095235
202009,회기동,주간,2645.2774000000004,9660.261843809521,4860.599261904753,3919.1222476190383
202009,회기동,야간,2450.2416766666624,9033.476237777784,4058.0807111111153,3831.7225077777803
202009,휘경1동,주간,1888.0723304761907,6229.142115238101,3953.6303533333307,3655.4572728571434
202009,휘경1동,야간,1708.1308188888909,6486.475457777779,3802.5109300000004,3103.905842222211
202009,휘경2동,야간,3567.7610411111036,8587.55563777777,6120.209648888872,4770.636281111106
202009,휘경2동,주간,3062.712640952389,5957.0812338095075,4537.068510952389,3968.945416666674
202009,이문1동,야간,2845.9366222222216,10886.46081555557,5386.460827777772,4477.415598888879
202009,이문1동,주간,2725.838491904769,9888.18697666667,4555.161868571418,3767.9014747618867
202009,이문2동,야간,3280.9972711111022,5126.67364777777,5940.387268888884,4752.462948888876
202009,이문2동,주간,2616.7970023809567,3106.5391942857245,3632.4393271428344,3661.181724761899
202010,용신동,야간,4017.4776354838723,13694.614623655883,10878.636567741896,8741.092960215035
202010,제기동,야간,3394.8199139785015,10224.813126881718,7692.620254838708,8334.2418301075
202010,전농1동,야간,4282.760001075254,10924.641548387075,9695.376792473106,7795.96378602152
202010,전농2동,야간,3237.2128043010784,4603.416190322571,5608.437131182789,4107.139908602154
202010,답십리1동,야간,4434.655604301076,8368.095323655902,8216.08700645161,5489.185395698939
202010,답십리2동,야간,3585.188169892461,7428.30901182794,8571.531849462363,7225.439180645169
202010,장안1동,야간,3665.4160376344043,11702.756884946228,10764.352349462375,7888.553989247317
202010,장안2동,야간,4830.0057107527,8109.4962483871095,8872.030709677427,5971.471955914006
202010,청량리동,야간,1770.8373548387124,4692.345888172043,5347.05671290323,5818.430511827952
202010,회기동,야간,2497.536968817208,9290.874401075283,4086.642746236557,3837.514413978494
202010,휘경1동,야간,1658.5145204301095,6383.455232258063,3664.6980838709646,2998.4336795698887
202010,휘경2동,야간,3514.1551634408593,8549.755212903217,5987.440526881718,4621.7987645161165
202010,이문1동,야간,2977.176410752692,10987.476789247312,5329.507863440841,4459.422359139787
202010,이문2동,야간,3330.434932258062,5026.58833655915,5876.409229032255,4731.893008602149
202010,용신동,주간,4179.51761797234,14851.859215207432,15411.191849769606,12438.464975576053
202010,제기동,주간,3125.83831290322,9280.360664516096,8919.545131336394,11330.62249447006
202010,전농1동,주간,4822.261612442389,9737.293152534536,9775.044010138256,9003.707633640568
202010,전농2동,주간,3358.6244635944663,4506.3339539170465,4397.975383410141,3623.5392119815683
202010,답십리1동,주간,3566.1818801843315,5923.580628571413,6511.04927649769,5059.930585253472
202010,답십리2동,주간,2790.3044433179684,5574.419883410127,6970.665403225822,6073.476305069138
202010,장안1동,주간,3210.452277419351,10230.726492626698,11191.666629493133,7528.438233179756
202010,장안2동,주간,5138.641441474654,7036.310011981549,8338.02247557602,5946.565438248869
202010,청량리동,주간,1973.5729354838693,5267.986343778817,6041.255380184329,6860.968468202766
202010,회기동,주간,3042.47386543778,10065.274591705047,4878.258998617508,3892.549394470042
202010,휘경1동,주간,1794.1966912442426,6104.675891705075,3875.0566990783436,3569.821900921664
202010,휘경2동,주간,3219.847355299531,5819.4267391705125,4501.69777281105,3909.35597281108
202010,이문1동,주간,2935.3349488479275,10225.782361290307,4513.764776036866,3651.9840792626683
202010,이문2동,주간,2379.265917972352,2970.530567281111,3555.461549308752,3553.027238709676
202011,용신동,야간,3951.4062111111066,13816.826147777807,10785.732952222248,8629.158231111112
202011,제기동,야간,3331.799996666669,10416.397971111115,7852.728832222255,8352.656413333347
202011,전농1동,야간,4280.225530000017,11132.030484444447,9710.70298222224,7777.462935555592
202011,전농2동,야간,3362.1948822222294,4577.792997777774,5591.693210000004,4085.526133333346
202011,답십리1동,야간,4429.842365555557,8382.651209999998,8291.030521111132,5513.45224666666
202011,답십리2동,야간,3524.798224444446,7452.537824444447,8508.760383333332,7104.20831888889
202011,장안1동,야간,3457.251249999994,11665.923156666684,10684.164896666658,7836.938339999979
202011,장안2동,야간,4871.891698888875,8044.166638888899,8800.193911111122,6049.538981111098
202011,청량리동,야간,1700.8407333333396,4708.686318888886,5271.429621111117,5819.481190000005
202011,회기동,야간,2501.534887777773,9496.907558888919,4102.420261111115,4018.3958244444425
202011,휘경1동,야간,1671.7584911111114,6440.32604222223,3696.310647777777,2973.7251755555553
202011,휘경2동,야간,3555.313725555561,8359.166384444454,5909.609502222218,4576.540844444452
202011,이문1동,야간,2902.7664199999995,11346.650960000028,5359.862619999987,4509.499328888892
202011,이문2동,야간,3291.8687300000056,4963.50644111111,5855.786923333336,4685.527794444458
202011,용신동,주간,4203.420666190456,15230.62129523821,15672.0232938096,12510.84255476187
202011,제기동,주간,3107.8017619047596,9403.617730000002,9169.205305238085,11560.007219523783
202011,전농1동,주간,4835.279140952399,9812.53283761902,9910.399209523792,9077.619542380951
202011,전농2동,주간,3493.5388561904792,4392.54084857143,4348.591316666664,3634.0037733333443
202011,답십리1동,주간,3598.9458680952307,5902.325068095248,6612.554899523822,5141.000632380978
202011,답십리2동,주간,2651.703403809518,5498.901236666642,6958.18592666668,6092.771797142833
202011,장안1동,주간,3177.964661428591,10236.75317142859,11217.067938571445,7565.286124285712
202011,장안2동,주간,5234.44341333333,6927.358488095228,8315.28893619047,6073.167436190478
202011,청량리동,주간,1949.4238933333259,5302.21195476188,6063.109233333335,6904.87074857143
202011,회기동,주간,3124.4950590476315,10309.71083285713,5050.5809023809625,4133.256719523824
202011,휘경1동,주간,1798.2317014285768,6203.343500476212,3963.1243890476103,3608.239022857136
202011,휘경2동,주간,3250.154792380953,5668.308548571408,4355.717215714282,3868.7891314285694
202011,이문1동,주간,3023.4718199999975,10677.955500952414,4623.797178095233,3761.8932009523883
202011,이문2동,주간,2264.1500176190434,2882.7978604761906,3491.9713114285737,3553.4190295238113
202012,용신동,야간,3750.6895268817248,13607.446052688154,10678.06491290324,8527.717458064517
202012,제기동,야간,3263.153363440853,10273.222611827965,7807.43586559141,8339.670281720419
202012,전농1동,야간,3971.919195698909,10593.347898924743,9451.991360215066,7531.090569892486
202012,전농2동,야간,3306.909656989245,4484.528651612893,5541.260787096776,4052.0594118279587
202012,답십리1동,야간,4436.086939784943,8354.737354838711,8381.436667741933,5525.610683870939
202012,답십리2동,야간,3446.29602473118,7371.174981720411,8329.495662365616,6988.248683870953
202012,장안1동,야간,3617.5534720430296,11672.23230967742,10782.570074193563,7895.685377419334
202012,장안2동,야간,4933.382656989253,7981.4084150537465,8862.1686655914,6050.697907526891
202012,청량리동,야간,1707.7552956989277,4605.545755913993,5264.3354763440775,5808.575069892463
202012,회기동,야간,2640.4924419354825,9647.715809677427,4602.898935483876,4398.524545161291
202012,휘경1동,야간,1592.2451215053804,6382.912072043019,3714.6489268817163,2990.5667279569875
202012,휘경2동,야간,3424.708931182795,8248.56504946239,5913.1159086021335,4522.902563440854
202012,이문1동,야간,2710.541448387089,10903.15619032255,5339.496544086005,4541.943446236576
202012,이문2동,야간,3188.278315053764,4929.238635483863,5923.803590322575,4674.506726881731
202012,용신동,주간,3910.9352341013814,15124.848834101378,15204.84525852532,11718.428123041484
202012,제기동,주간,3007.499819354842,9399.152298156694,9025.400594470095,10941.743580645229
202012,전농1동,주간,4183.276890783384,9579.430351152068,9625.328436866328,8431.617875115227
202012,전농2동,주간,3219.3270691244334,4322.355165898613,4443.911984792621,3626.1442502304126
202012,답십리1동,주간,3967.983235023049,6182.998900921671,6722.841082488517,5063.521640092152
202012,답십리2동,주간,3159.1391451612953,5914.66813594471,7175.323125806436,6292.704512903236
202012,장안1동,주간,3239.0946953916873,10470.454084331763,11192.706644239606,7545.348354838702
202012,장안2동,주간,5280.267184331795,7265.249880184288,8532.837635944723,6160.468675115233
202012,청량리동,주간,1914.7517161290305,5212.345323963164,5945.754141013849,6587.54240691244
202012,회기동,주간,2784.646955760373,10408.40884239628,5609.692794930887,4648.510529032248
202012,휘경1동,주간,1797.7360110599132,6275.8439502304145,4044.6642059907767,3533.6248774193514
202012,휘경2동,주간,2939.161583870961,5832.012794009191,4407.509556221204,3946.7741829493148
202012,이문1동,주간,2825.1420557603656,10096.21012718896,4742.109686635927,3936.3664999999996
202012,이문2동,주간,2667.759352995389,3124.899446082948,3748.562602764967,3728.328341013831
202101,용신동,야간,3701.8445430107568,13440.165237634423,10580.792002150514,8517.608935483857
202101,제기동,야간,3267.6565795698966,9823.757810752677,7761.106286021527,8277.209666666673
202101,전농1동,야간,3885.725449462366,10353.687168817207,9497.372459139768,7507.6880881720435
202101,전농2동,야간,3357.6755053763404,4372.284958064506,5553.78663225807,4074.550115053759
202101,답십리1동,야간,4341.25762580645,8254.81987311828,8297.40142150538,5509.479781720449
202101,답십리2동,야간,3402.731566666657,7439.382597849479,8376.821213978494,6920.174108602136
202101,장안1동,야간,3746.2010709677324,11761.160537634418,10885.266613978532,7866.850237634371
202101,장안2동,야간,4983.338707526892,7842.924574193552,8844.16968602149,5969.0214989247215
202101,청량리동,야간,1590.5823967741928,4576.841007526892,5183.94015913977,5702.294086021506
202101,회기동,야간,2502.0925236559174,8915.996483870955,4719.219612903226,4450.865083870968
202101,휘경1동,야간,1578.6561,6229.22476344086,3783.0048526881787,2954.3156634408624
202101,휘경2동,야간,3305.906606451621,7927.317138709682,5921.2283806451715,4561.197598924725
202101,이문1동,야간,2518.8230731182757,9960.03989462364,5400.143852688171,4521.035247311825
202101,이문2동,야간,3366.4870139784975,5201.15390860215,6303.099432258049,4960.045586021496
202101,용신동,주간,3870.5306820276487,14916.328380184324,15164.544925345626,12076.579636405562
202101,제기동,주간,3004.202296774208,8964.51648894008,9038.861235483853,11151.680475576055
202101,전농1동,주간,4068.270921658976,9366.431005529956,9658.713782488523,8506.30998617508
202101,전농2동,주간,3134.7739631336326,4116.575294009204,4432.71667695853,3641.8086096774064
202101,답십리1동,주간,3836.909409677442,5997.623156221221,6508.674826728136,4910.206992165893
202101,답십리2동,주간,3158.192270046083,5897.986748387125,7144.355783410144,6197.5511493087515
202101,장안1동,주간,3381.576343317978,10413.283313824804,11212.203147465489,7519.034048847892
202101,장안2동,주간,5507.167810138245,7270.469733179757,8665.395560829502,6204.1451354838655
202101,청량리동,주간,1859.6626313364047,5151.063734562215,5924.369276497718,6591.204834562234
202101,회기동,주간,2523.6916718894017,9374.597374654393,5431.029537327188,4583.893694930893
202101,휘경1동,주간,1778.0131571428572,6122.610335944689,4140.445447926273,3603.1766207373225
202101,휘경2동,주간,2663.419200000007,5439.998598617508,4350.07909262672,3949.40709308757
202101,이문1동,주간,2418.8794115207425,9044.046782027697,4597.056084331796,3891.26388018433
202101,이문2동,주간,2778.677483410149,3299.086885714292,4032.1838534562294,3970.6265221198237
202102,휘경2동,주간,2564.301784693881,5163.587578571397,4275.739143367349,3899.708423469396
202102,용신동,야간,3649.776819047616,13331.848764285665,10582.909316666679,8511.58797380949
202102,용신동,주간,3846.40281275511,14422.006730612315,15260.023795918405,12313.127740816326
202102,제기동,야간,3275.142757142858,9637.220554761892,7776.401721428562,8310.77217857141
202102,제기동,주간,2978.1015999999863,8821.638109693855,9109.673760204116,11444.026197448979
202102,전농1동,야간,3894.5553714285675,10163.152420238124,9347.116601190472,7381.674017857123
202102,전농1동,주간,4234.7126091836935,9105.742767346968,9628.366498979633,8543.335770918331
202102,전농2동,주간,3066.8401551020456,3973.778916836725,4395.508012244909,3624.1887183673507
202102,전농2동,야간,3341.861536904762,4403.056004761906,5583.487494047623,4117.249707142858
202102,답십리1동,야간,4362.234241666661,8071.852711904762,8231.012185714275,5465.600254761916
202102,답십리1동,주간,3738.838626020391,5671.249049489778,6291.943610714299,4814.067683163274
202102,답십리2동,야간,3367.8017345238127,7318.291701190464,8298.682563095246,6820.36958690476
202102,답십리2동,주간,3009.0904948979683,5529.100676020397,6906.118778061237,5974.175261224498
202102,장안1동,야간,3700.43331428571,11663.978974999978,10916.309276190488,7854.051951190511
202102,장안1동,주간,3317.309828571427,10074.730005102,11074.3191821428,7405.956261734659
202102,장안2동,주간,5520.1650137754705,6957.530228571431,8537.79721887753,6095.132988775491
202102,장안2동,야간,5012.9437559523785,7645.124534523817,8729.187274999991,5879.979523809542
202102,청량리동,야간,1542.473888095238,4414.103109523817,5044.2367452381,5559.962977380957
202102,청량리동,주간,1792.6260938775483,4906.864371938774,5869.3096500000265,6579.330107653053
202102,회기동,주간,2751.2616107142776,9217.691123979585,5519.282828571407,4552.901204081633
202102,회기동,야간,2587.946513095241,8623.589652380955,4736.31822619047,4483.250403571427
202102,휘경1동,주간,1819.1523867346968,5972.076560204073,4136.41668673468,3638.5104112244903
202102,휘경1동,야간,1570.8388678571407,6139.9793166666705,3771.9029333333388,2922.4546238095295
202102,휘경2동,야간,3175.436803571422,7702.137410714284,5811.884204761923,4468.757697619046
202102,이문1동,야간,2653.551341666663,9546.430704761902,5419.884219047614,4520.025380952372
202102,이문1동,주간,2526.195101530614,8569.80974438777,4617.158532653049,3864.8299479591988
202102,이문2동,야간,3358.9826178571443,5148.849040476199,6247.717198809522,4911.138666666672
202102,이문2동,주간,2642.939890306134,3099.1769418367267,3874.0301933673327,3831.688701020424
202103,용신동,주간,3865.3529571428758,15136.89106635943,15714.122170046146,12625.22218064519
202103,용신동,야간,3851.4319096774257,13901.429838709679,10583.50532365594,8502.735852688178
202103,이문1동,주간,3575.013479262662,10007.63318663595,4571.629673271912,3677.1476829493013
202103,제기동,야간,3458.687662365597,10254.468705376312,7780.9351612903365,8327.172653763468
202103,제기동,주간,3289.0936622119784,9293.07277788017,9052.85922119817,11461.527592626744
202103,전농1동,야간,4349.41480215054,10684.639268817204,9328.46085591397,7311.27806989251
202103,전농1동,주간,5071.424904608311,9468.37261290325,9466.249169585262,8428.851942857129
202103,전농2동,야간,3404.817026881727,4519.693950537624,5549.648484946239,4073.1281903225713
202103,전농2동,주간,3587.4503179723247,4308.585106912435,4270.425512442397,3465.4182714285585
202103,답십리1동,주간,3489.012817511525,5556.505989861747,6160.105669124444,4673.754062672809
202103,답십리1동,야간,4403.416015053776,8277.892115053775,8246.843395698908,5350.876918279567
202103,답십리2동,주간,2343.7953880184245,5370.013625806455,6688.901168663588,5789.297450691264
202103,답십리2동,야간,3267.6745172043043,7371.196092473117,8247.262770967764,6775.768907526894
202103,장안1동,야간,4125.890463440863,12509.571622580685,11585.101533333333,8128.763967741976
202103,장안1동,주간,3213.4346935483686,10502.335616129005,11528.199620737327,7564.267143778835
202103,장안2동,야간,4716.000463440861,7450.511504301082,8322.359623655915,5553.019813978503
202103,장안2동,주간,5302.667679262683,6861.931200921684,8309.570702304145,5925.221206451604
202103,청량리동,주간,1848.0388718893967,5042.392668663596,5804.873257603705,6569.298630414772
202103,청량리동,야간,1515.3500064516147,4489.425308602151,4965.466658064518,5498.7132311828
202103,회기동,야간,3088.6564053763473,9473.501962365584,4678.582722580649,4422.589482795703
202103,회기동,주간,3913.0035433179632,10358.543405069131,5640.7079027649825,4557.451914285725
202103,휘경1동,야간,1716.933682795695,6600.210752688182,3787.961752688167,2930.4754892473143
202103,휘경1동,주간,1905.6335211981607,6253.430945161295,4037.061886635943,3654.289958064513
202103,휘경2동,야간,3408.2259182795647,8222.90187204302,5759.896679569875,4324.55634946237
202103,휘경2동,주간,3320.0175534562336,5486.69576082949,4152.080888479251,3679.8109377880064
202103,이문1동,야간,3594.673632258066,10704.45500752689,5484.090603225809,4443.5496774193425
202103,이문2동,주간,2310.2144995391664,3002.919064516129,3620.2619552995284,3718.413853917042
202103,이문2동,야간,3517.1243172043073,5158.067504301077,6175.107826881705,4922.93500537634
202104,용신동,주간,3854.72869523807,15025.645642381001,15615.448260952384,12384.12959333338
202104,이문1동,주간,3561.24224761904,10078.731643809515,4483.922522380932,3583.0738190476063
202104,용신동,야간,3814.4276822222105,13907.277934444473,10493.458378888905,8424.017031111127
202104,제기동,야간,3422.215553333337,10343.329713333313,7763.130476666669,8297.934024444456
202104,제기동,주간,3334.435868095234,9349.591047619053,8954.71728476195,11255.687336190484
202104,전농1동,야간,4243.56624444444,10654.742136666691,9221.853396666653,7208.104712222209
202104,전농1동,주간,5020.615868571445,9374.491528095265,9307.235917619055,8246.7319247619
202104,전농2동,주간,3631.9511152381033,4399.435847619052,4172.248560476191,3420.411246190481
202104,전농2동,야간,3466.0059877777826,4504.794445555554,5495.359165555578,4022.8371944444475
202104,답십리1동,야간,4463.0422877777755,8296.420311111096,8225.893999999982,5348.265225555557
202104,답십리1동,주간,3505.1846780952337,5494.178946666657,6075.439434761893,4542.8377152380945
202104,답십리2동,야간,3169.517944444455,7212.9043811111305,8125.44339777776,6551.4372022222315
202104,답십리2동,주간,2203.211226190482,5222.903635714298,6519.976858095254,5571.816112380956
202104,장안1동,야간,4225.019523333334,12665.232651111111,11712.205498888883,8092.110138888892
202104,장안1동,주간,3273.1897423809633,10384.848222857187,11522.055084285666,7378.954780000057
202104,장안2동,주간,5366.498065238098,6701.255339047633,8146.703985238068,5750.280300476171
202104,장안2동,야간,4591.268872222234,7327.7146044444125,8183.760364444439,5476.680726666668
202104,청량리동,야간,1523.409608888889,4411.958663333341,4911.67184777779,5523.058510000005
202104,청량리동,주간,1865.5798485714192,4941.673106666685,5735.009060952349,6503.887498095254
202104,회기동,주간,3971.435162380956,10518.912995238134,5664.776494285719,4468.513646666656
202104,회기동,야간,3108.7851388888885,9677.854992222232,4725.995616666665,4393.611698888883
202104,휘경1동,주간,1941.3809071428543,6302.534631904761,3985.318129047616,3579.678696666674
202104,휘경1동,야간,1813.8402099999976,6652.398302222235,3813.7676988888943,2945.8836988888766
202104,휘경2동,야간,3408.8732755555648,8200.54439555556,5689.1373622222345,4328.198781111115
202104,휘경2동,주간,3334.801360952382,5439.499218095232,4111.037529047611,3636.0219742857084
202104,이문1동,야간,3638.4724855555573,10891.40089555554,5519.534785555556,4391.721374444435
202104,이문2동,야간,3548.1284488888846,5163.867851111132,6085.7771155555465,4885.533397777782
202104,이문2동,주간,2307.8858999999966,2937.026224285712,3497.9233514285843,3597.0246247619066
202105,답십리1동,야간,4488.496081720432,8316.824068817206,8278.03153010754,5297.796584946239
202105,답십리1동,주간,3558.5831465437914,5588.7625341014,6150.213835944707,4525.660535944685
202105,장안1동,주간,3432.5228078340992,10303.670321658961,11349.93340783406,7429.6819506912625
202105,용신동,주간,3815.7037889400926,14721.758556221208,15053.735050691246,12045.869474654424
202105,장안2동,주간,5260.701387096752,6877.949258986174,8265.2899705069,5803.654607373294
202105,용신동,야간,3751.937577419359,13890.931719354887,10493.275574193529,8448.603672043007
202105,제기동,야간,3405.1117268817175,10447.17545053764,7819.804860215062,8423.973561290284
202105,제기동,주간,3212.209311059916,9449.601552995407,8975.659352073731,11000.939027649772
202105,전농1동,야간,4154.098862365586,10483.466868817208,9192.964025806426,7190.361662365572
202105,전농1동,주간,4860.7622179723385,9493.735255299607,9459.515941935477,8214.340407373302
202105,전농2동,주간,3309.259319354824,4218.493006451602,4248.131314746546,3419.307791705057
202105,전농2동,야간,3343.2806892473095,4415.522935483866,5461.403234408616,3964.9466698924753
202105,답십리2동,야간,3111.625654838703,7144.539615053746,8068.404737634395,6558.534379569873
202105,답십리2동,주간,2215.6372211981557,5270.488261751184,6487.674111981557,5632.893322119792
202105,장안1동,야간,4387.547711827955,12610.999887096783,11795.341405376295,8137.676866666675
202105,장안2동,야간,4553.470445161288,7369.120856989262,8194.901789247306,5434.653002150549
202105,청량리동,야간,1494.5753483870942,4366.597954838705,4792.875115053778,5458.844858064529
202105,청량리동,주간,1807.884398617514,4918.174404608284,5637.812997235033,6501.806381105979
202105,회기동,주간,3599.7769036866366,10180.87878156682,5413.085065437779,4254.7040562212
202105,회기동,야간,2891.701382795698,9706.920521505386,4654.832006451618,4300.080108602152
202105,휘경1동,주간,1957.6261129032264,6492.052853456215,4121.805841013817,3588.7920917050724
202105,휘경1동,야간,1854.244627956987,6675.4184354838735,3889.2154096774248,2946.536481720422
202105,휘경2동,야간,3345.739513978487,8135.801174193552,5746.423224731185,4326.871609677416
202105,휘경2동,주간,3082.4390451612926,5538.585141013842,4220.412083410135,3591.6333184331647
202105,이문1동,야간,3385.452089247315,10809.77492580646,5409.899252688172,4337.178005376342
202105,이문1동,주간,3205.4705447004667,9854.641413364065,4482.274629032245,3578.1390087557666
202105,이문2동,야간,3381.5052494623706,5095.90552365591,5965.052050537623,4779.56758494624
202105,이문2동,주간,2263.60571843318,3071.12928986175,3620.837567281108,3644.1982718894114
202106,전농1동,주간,4848.91367190477,9327.990415238115,9282.046600476177,8158.241639999992
202106,용신동,주간,3606.222308571419,14874.964448571418,15375.660182857097,12069.269890476207
202106,용신동,야간,3678.1180077777913,13862.00389444443,10480.706053333362,8494.375096666663
202106,제기동,야간,3357.7853500000097,10442.187771111121,7760.976758888905,8423.385147777792
202106,제기동,주간,3236.302689999989,9454.866043333343,9110.160341428547,11245.305871904799
202106,전농1동,야간,4138.434330000001,10449.362291111138,9204.640368888897,7189.356406666672
202106,전농2동,주간,3481.9691009523963,4315.412456666674,4205.1510319047575,3409.9433485714276
202106,전농2동,야간,3391.0789811111113,4409.132227777775,5482.97267333334,3949.6488599999902
202106,답십리1동,야간,4367.661337777761,8142.977995555561,8090.739853333354,5051.67342888889
202106,답십리1동,주간,3380.939802380924,5309.437105714303,5988.262434285719,4368.713564761902
202106,답십리2동,주간,2175.014283333332,5190.628950476197,6500.27233142859,5692.09943238094
202106,답십리2동,야간,3156.1063266666683,7177.737397777765,8151.604826666674,6553.001073333325
202106,장안1동,야간,4490.808694444445,12614.95693666665,11877.871252222176,8226.679551111107
202106,장안1동,주간,3465.03786857142,10427.460769999985,11495.093918095245,7554.704645238069
202106,장안2동,주간,5419.939987142842,6835.585566666632,8345.564878095218,5941.56990047617
202106,장안2동,야간,4650.640737777764,7434.625578888884,8334.07213222221,5538.517966666665
202106,청량리동,야간,1460.404153333331,4304.5046577777675,4694.847132222227,5332.564019999988
202106,청량리동,주간,1850.5007566666645,4804.52115285715,5604.109603333338,6402.722709047617
202106,회기동,주간,3616.5735914285788,10197.765630000009,5447.578903333343,4113.104680000009
202106,회기동,야간,2705.162023333329,9488.521326666656,4466.213437777769,4095.694618888891
202106,휘경1동,야간,1795.878486666662,6550.055362222228,3794.8798211111102,2859.5808322222183
202106,휘경1동,주간,1814.706481904763,6248.7322385714415,3966.966850476191,3514.2276942857156
202106,휘경2동,주간,3215.7439071428626,5344.304965238088,4123.6370557142845,3566.4960204761855
202106,휘경2동,야간,3341.820103333335,8267.874234444464,5799.320887777769,4343.033383333332
202106,이문1동,야간,3387.3888144444427,10959.585413333332,5454.864347777771,4363.0618355555625
202106,이문1동,주간,3166.1428876190394,9816.764874285731,4503.975089047617,3589.3070857142884
202106,이문2동,주간,2055.591562380955,2789.2858152381036,3256.523421904759,3447.55540333334
202106,이문2동,야간,3237.300837777772,4935.676685555559,5715.98203444446,4626.457974444443
202107,용신동,야간,3094.1483602150547,12599.620717204334,9673.6930548387,7882.502161290334
202107,용신동,주간,3123.300882949304,13833.186922119841,14307.125286175027,11059.171097695886
202107,장안1동,주간,3518.378653456211,10571.709609216583,11446.0068207373,7536.532296774177
202107,제기동,야간,3461.3492182795703,10761.77312473115,8038.448491397893,8674.324384946229
202107,제기동,주간,3222.0328000000086,9569.733108294942,9257.287932718915,11094.467978340977
202107,전농1동,야간,3914.6287526881642,10323.509781720455,9184.505530107534,7186.7232032258225
202107,전농1동,주간,4395.428730875583,9408.107495391696,9531.95134285714,8133.375184331829
202107,전농2동,주간,3180.396215207375,4122.639021658988,4375.126494930891,3542.5656543778896
202107,전농2동,야간,3402.895689247313,4317.040479569891,5630.906976344081,4033.468405376356
202107,답십리1동,야간,4203.600930107527,8087.457094623674,8076.153959139786,5125.630970967756
202107,답십리1동,주간,3505.3482806451825,5729.1495709677465,6407.334137327161,4655.810925806439
202107,장안1동,야간,4286.5509731182765,12091.404753763438,11291.885574193535,7794.99845698923
202107,답십리2동,야간,3095.8313655913958,7247.873015053774,8216.207227956987,6602.516467741915
202107,답십리2동,주간,2641.586175115216,5098.59296497699,6286.0699225806475,5525.614205529955
202107,장안2동,주간,5601.34288433183,7209.782502764939,8801.556981566831,6195.88120046084
202107,장안2동,야간,4725.875882795691,7560.493094623654,8518.772801075256,5643.777935483872
202107,청량리동,야간,1524.8016838709661,4541.736894623655,4918.686382795698,5637.581058064527
202107,청량리동,주간,1742.9077488479309,4923.054565437777,5623.2685230414645,6531.741980184325
202107,회기동,주간,2331.732704147462,8496.673553917064,4666.340069585245,3562.0095529953896
202107,회기동,야간,2150.782518279565,8074.953889247314,3931.268277419355,3659.736169892469
202107,휘경1동,주간,1835.2510824884741,6113.2751755760355,3920.742846082955,3440.4478442396357
202107,휘경1동,야간,1752.1385064516114,6631.1421537634515,3825.056868817202,2909.048396774193
202107,휘경2동,야간,3181.677780645167,8015.282282795695,5770.909273118279,4436.994769892492
202107,휘경2동,주간,2716.647073271889,5329.959126267276,4085.1105829493135,3637.9933428571485
202107,이문1동,야간,2829.949924731178,10322.376243010776,5334.31586774193,4316.187436559137
202107,이문1동,주간,2576.4529953917054,8830.114821198184,4361.754096774172,3598.315082488469
202107,이문2동,야간,3081.3493161290294,4879.4568086021445,5669.190172043004,4616.953175268819
202107,이문2동,주간,2328.0225728110586,2884.3664525345675,3356.5130437787916,3485.2399769585327
202108,용신동,주간,2902.2146078341143,12914.386850230372,13354.927429953934,10681.935061290336
202108,답십리1동,주간,3411.2774341013837,5890.73164239629,6489.670519354843,4742.244154377879
202108,장안1동,야간,3990.28451397849,11554.601412903272,10650.489959139817,7357.829266666696
202108,청량리동,주간,1714.443974193549,4898.0854290322795,5591.512509216577,6593.275225806463
202108,이문1동,주간,2556.9365626727986,9035.792168202768,4564.209371428571,3632.193827188937
202108,이문2동,주간,2277.810616589861,2878.084390783402,3428.8706645161424,3501.5471073732692
202108,답십리1동,야간,4090.904438709687,7912.308643010732,7927.62969892472,5029.318906451604
202108,용신동,야간,2885.634960215048,12000.311553763444,9225.982229032254,7643.891143010722
202108,제기동,주간,3221.069070967744,9869.21490691248,9538.463029493068,11697.796153917074
202108,제기동,야간,3671.4042580645114,11482.748280645179,8363.779052688194,8960.761917204314
202108,전농1동,주간,4410.398120276501,9411.804440553024,9506.403022119795,7967.215086635991
202108,전농1동,야간,3854.801294623663,10209.523503225782,9098.003780645167,7051.318579569899
202108,장안1동,주간,3480.484011520736,10391.912313364091,11140.992135483873,7412.415987557573
202108,전농2동,야간,3382.9133397849387,4358.050967741942,5683.105709677421,4096.341253763435
202108,전농2동,주간,3214.727441935483,3925.726529493069,4312.098210138223,3474.5997824884694
202108,답십리2동,주간,2567.4876055299505,5007.395716129016,6120.328797234998,5354.071814285712
202108,답십리2동,야간,3110.9386419354855,7392.9743989247445,8303.358315053762,6717.67266881721
202108,장안2동,야간,4686.218977419346,7634.808619354826,8547.077548387098,5673.066233333339
202108,장안2동,주간,5359.265335483862,7180.2910078341,8757.829255760367,6133.58764285714
202108,청량리동,야간,1544.0672569892456,4638.115575268829,4964.628983870959,5700.770350537634
202108,회기동,야간,2073.2361516129,7801.821575268809,3809.644564516131,3621.8947655914035
202108,회기동,주간,2322.8991276497673,8505.959708294946,4648.879568663613,3526.7753672811073
202108,휘경1동,주간,1912.7105732718883,6293.538470506904,4061.900516129033,3535.1611889400983
202108,휘경1동,야간,1789.9984655914002,6984.146253763425,3983.9049559139785,3015.1484043010782
202108,휘경2동,야간,3176.0095430107535,7878.110518279554,5794.404366666667,4426.670622580644
202108,휘경2동,주간,2778.888837788008,5453.10615622122,4275.8197797234925,3708.0007691244255
202108,이문1동,야간,2726.889454838717,10296.231196774212,5300.579113978497,4238.256425806441
202108,이문2동,야간,3001.2966569892446,4842.911712903223,5646.815548387109,4623.2721387096735
202109,답십리1동,주간,3360.0172438095155,5885.229774285706,6474.225662380945,4710.131048095232
202109,용신동,야간,2891.698426666666,11971.559451111134,9196.38867111111,7617.658062222207
202109,용신동,주간,2966.4063528571437,12750.490658571447,13469.079232857106,11196.199569523787
202109,답십리2동,주간,2218.2426295238124,4923.792382380948,6136.818140952375,5204.685533809527
202109,제기동,주간,3378.534100952381,10094.262017619067,9947.955907619038,12405.109547142865
202109,제기동,야간,3786.4516611111153,11661.859876666635,8563.83502,8996.383012222197
202109,전농1동,야간,4016.1967800000025,10276.638403333362,9125.794975555547,7038.309570000004
202109,전농1동,주간,4804.2515547619105,9501.869480952359,9456.078285238069,8052.380197142817
202109,전농2동,야간,3456.982525555555,4570.632917777782,5722.054587777781,4131.918551111109
202109,전농2동,주간,3417.11180142857,4216.572572380942,4428.0040652380985,3472.728481904768
202109,장안1동,주간,3349.6364533333226,10264.413136666615,11145.715616190462,7363.3630638094955
202109,답십리1동,야간,4196.251182222234,7871.653499999999,7924.2421166666645,4998.944138888878
202109,답십리2동,야간,3126.5339522222125,7346.927471111117,8416.597702222185,6715.5343211111185
202109,장안1동,야간,4011.8588444444445,11360.863044444444,10662.377169999974,7343.440722222222
202109,장안2동,주간,5314.680090952397,7303.953441428576,8824.67007333331,6072.54841619048
202109,휘경2동,야간,3288.6184944444376,8164.734463333326,5897.782893333312,4415.908302222218
202109,이문1동,야간,2995.1496733333374,10677.403335555528,5283.809422222234,4162.862808888894
202109,장안2동,야간,4802.603578888882,7728.744974444435,8653.085068888866,5685.200079999992
202109,이문1동,주간,2998.016975714296,9739.77766857143,4735.662828571424,3623.8765790476077
202109,이문2동,주간,2152.9719814285695,2960.009762380941,3468.1956652380914,3455.1436123809403
202109,청량리동,주간,1846.6773566666673,4922.560981904777,5656.823977142859,6630.320480000002
202109,청량리동,야간,1544.4857322222194,4561.2668133333345,4958.97221555556,5665.684818888888
202109,회기동,야간,2300.7063722222233,7986.248929999991,3815.325986666672,3641.8258933333377
202109,회기동,주간,2987.7227019047646,8809.904735238091,4636.091501904766,3448.394828571436
202109,휘경1동,야간,1761.1701300000002,7005.67767333332,3934.517843333328,2991.468634444446
202109,휘경1동,주간,1886.9274600000012,6399.247299523774,4093.34525619048,3593.857643809516
202109,휘경2동,주간,3067.316567619038,5614.638395238092,4347.845995238094,3656.0077766666645
202109,이문2동,야간,3158.6471088888934,4901.645598888885,5756.592031111103,4689.270586666665
202110,답십리2동,주간,2208.4388728110557,4772.398408294918,6025.40695944701,5074.395044700453
202110,장안1동,주간,3401.5546548387197,10364.828114285681,11139.433954377848,7360.786809677395
202110,장안2동,주간,5312.822443778796,7323.894587557598,8845.17405898619,6029.609258525333
202110,휘경2동,야간,3398.200901075268,8564.736878494625,5771.770648387103,4319.365218279564
202110,휘경2동,주간,3204.465834101378,5944.339382027661,4229.29079631338,3602.719624423958
202110,답십리1동,주간,3309.775938248851,5820.472922580673,6383.813566820273,4568.323449769588
202110,제기동,주간,3544.0252156682122,10372.072116129031,9785.510900460811,12082.165932258054
202110,용신동,야간,2884.256718279572,12356.666199999958,9316.78899032257,7562.900696774196
202110,용신동,주간,2889.0830801843395,13130.096196774204,13711.508929493095,11213.47990691249
202110,제기동,야간,3832.4117440860264,12064.202987096804,8597.672890322583,8828.291589247288
202110,전농1동,야간,4121.607433333331,10615.619281720426,9171.540725806426,7019.619284946227
202110,전농1동,주간,4887.013688940109,9889.895340553001,9485.671917972335,8124.075617511538
202110,답십리2동,야간,3143.3445591397904,7308.861934408585,8382.336900000011,6644.484809677421
202110,전농2동,야간,3479.8080784946196,4545.942797849452,5691.360172043006,4083.8701311827845
202110,전농2동,주간,3567.5857041474715,4393.884335483866,4423.086482027644,3421.597537788028
202110,답십리1동,야간,4148.717382795692,7883.599560215057,7899.596473118305,4956.6567086021505
202110,장안1동,야간,4054.198798924725,11527.28859032261,10657.294340860226,7289.431893548386
202110,장안2동,야간,4839.715641935489,7786.50185268818,8710.395153763422,5651.975500000003
202110,청량리동,주간,1845.2053700460822,5007.38469124426,5622.239385714267,6602.398094930873
202110,청량리동,야간,1549.9247462365604,4645.550966666674,4920.201163440849,5624.243293548388
202110,회기동,야간,2327.3187193548424,8546.808108602152,3785.827918279576,3538.5941817204307
202110,회기동,주간,2951.0130760368743,9380.965532258062,4570.071821198148,3352.21171198157
202110,휘경1동,야간,1752.3461365591384,7514.967563440845,3963.0671892473188,3037.8889741935477
202110,휘경1동,주간,1867.665093548392,6796.62829861749,4067.027038709681,3602.7170552995385
202110,이문1동,야간,3185.913465591398,11690.21872473119,5327.107022580641,4180.694915053761
202110,이문1동,주간,3207.254307373284,10699.608480645174,4725.552331797248,3599.6511391705185
202110,이문2동,주간,2168.102811520734,2933.6321410138175,3400.704907373272,3321.6732612903193
202110,이문2동,야간,3178.991422580642,4990.695487096774,5732.560320430101,4633.679758064506
202111,용신동,야간,2860.8150511111085,12347.57391222222,9372.98313222222,7630.015884444411
202111,제기동,야간,3821.3447644444527,11978.820225555535,8593.60226,8837.39893666665
202111,전농1동,야간,4200.902946666665,10783.23383,9213.428187777781,7144.667207777784
202111,전농2동,야간,3468.5416655555564,4448.272710000003,5628.693924444433,4017.9950088888895
202111,답십리1동,야간,4235.559634444433,7815.585191111087,7916.004747777791,5014.833424444443
202111,답십리2동,야간,3205.4284811111174,7279.078607777789,8461.444054444446,6709.803535555574
202111,장안1동,야간,4093.758097777773,11827.393245555586,10807.439494444443,7428.454242222219
202111,장안2동,야간,4843.161485555556,7717.090116666674,8702.861867777772,5625.804935555546
202111,청량리동,야간,1620.0456111111105,4683.100101111114,4994.893074444452,5675.461504444437
202111,회기동,야간,2277.946565555546,8863.108995555567,3758.028597777773,3606.886436666675
202111,휘경1동,야간,1705.558279999999,7758.912786666683,3991.3757644444418,3023.7623588888873
202111,휘경2동,야간,3412.253595555554,8639.27787333333,5882.291515555548,4377.7530944444425
202111,이문1동,야간,3213.4378800000036,12307.782264444395,5357.417392222214,4152.960576666673
202111,이문2동,야간,3157.8969888888882,4906.74788111111,5663.12612666667,4555.4573311111
202111,용신동,주간,2816.1213271428496,13275.041823333295,14224.597100476236,11405.218478571394
202111,제기동,주간,3660.1603266666743,10302.654912380927,9936.35537809524,12226.540689047612
202111,전농1동,주간,4958.527770476195,9716.17613714284,9369.40393666666,8097.838208571381
202111,전농2동,주간,3831.03746619049,4501.260708095232,4468.747680000002,3451.9064999999996
202111,답십리1동,주간,3353.7937100000004,5662.283908095241,6320.025445238106,4682.768848571424
202111,답십리2동,주간,2155.5812647619005,4543.368180952368,5945.648475238105,5107.718049047654
202111,장안1동,주간,3464.8453542857164,10536.684727619066,11520.856815238105,7645.130508571447
202111,장안2동,주간,5153.250994761906,7015.828831428555,8613.453308571445,6000.976583809507
202111,청량리동,주간,1863.7365380952363,4996.731694761896,5647.60166142856,6627.894243333304
202111,회기동,주간,3158.304735238089,9598.905727142863,4858.373943333325,3525.3286261904764
202111,휘경1동,주간,1819.4946733333331,6779.771856190478,4068.391189999992,3619.8407447619143
202111,휘경2동,주간,3301.4034561904846,5946.896843333351,4288.391860952374,3656.556905238089
202111,이문1동,주간,3676.210893809504,11920.309744285754,5004.608505714312,3635.954329047615
202111,이문2동,주간,2109.479397142855,2772.791940952392,3268.160229523804,3319.257670476203
202112,용신동,야간,2769.729082795698,12205.423434408583,9291.22485913978,7588.105698924726
202112,제기동,야간,3782.9387741935516,11807.55849892473,8469.060033333333,8721.526334408596
202112,전농1동,야간,4075.0689236559133,10673.667037634385,9125.116360215023,7022.655106451594
202112,전농2동,야간,3337.756170967748,4396.742998924735,5583.934018279557,4078.9947247311834
202112,답십리1동,야간,4393.880979569884,8060.0052956989375,8222.194075268822,5252.377331182799
202112,답십리2동,야간,3163.4990827957186,7312.498576344103,8473.68702795699,6752.363035483878
202112,장안1동,야간,4092.6768215053785,11738.231406451609,10904.983875268841,7497.96868064515
202112,장안2동,야간,4807.829650537646,7678.078212903206,8716.894393548408,5623.45855483871
202112,청량리동,야간,1643.6123268817219,4785.557492473118,5041.528183870972,5689.900720430095
202112,회기동,야간,2237.7002784946203,8876.772523655914,3734.3547924731142,3567.3599698924722
202112,휘경1동,야간,1751.3161892473108,7722.815613978498,3913.3119172043007,2950.314375268818
202112,휘경2동,야간,3447.6232290322637,8759.514834408603,5927.703113978504,4471.402772043016
202112,이문1동,야간,3023.300217204302,12204.210765591408,5166.54502043012,3995.4990419354913
202112,이문2동,야간,3162.011103225808,4847.555539784952,5675.4290419354875,4536.155959139783
202112,용신동,주간,2867.37185391705,13117.83219308755,14010.875576958568,11111.512045161277
202112,제기동,주간,3430.778272350219,10099.622511059932,9709.180119815694,11699.778405530005
202112,전농1동,주간,4932.63896175114,10033.097266820285,9449.301966359419,7929.154650230395
202112,전농2동,주간,3583.109653917047,4355.679880645168,4513.408262672814,3562.0727921659113
202112,답십리1동,주간,3577.581023502302,5965.373872350226,6741.435695391714,4978.259614746546
202112,답십리2동,주간,2179.5440963133583,4708.278542857142,6084.510323963122,5323.180617050692
202112,장안1동,주간,3499.720080184333,10626.91275990787,11675.470629032263,7872.029957142916
202112,장안2동,주간,5103.855541935482,7026.455708755764,8712.141517972308,6087.445293548348
202112,청량리동,주간,1876.2298608294914,5154.473692626721,5651.8262751152015,6563.292055760375
202112,회기동,주간,2913.69698156682,9521.40007741937,4728.376468663593,3510.261741474666
202112,휘경1동,주간,1839.7346889400949,6822.222408755769,3960.9859571428537,3451.9823483870996
202112,휘경2동,주간,3226.9106718893963,6089.494334562179,4455.581038248859,3827.1360400921726
202112,이문1동,주간,3053.6128013824823,11126.800206912489,4715.85819262673,3598.1027216589964
202112,이문2동,주간,2124.463842396322,2788.9016658986257,3342.8444894009403,3390.946956682037
202201,장안1동,주간,3608.6176594470003,10481.888970967795,11538.33909953914,7817.868809216593
202201,장안2동,주간,5452.187108294938,7065.227340092143,8735.562570046115,6071.600000000008
202201,제기동,주간,3210.1740387096675,9489.156930875562,9798.149336405548,12447.394307834102
202201,전농1동,야간,3815.2035387096817,10416.902969892455,9002.982927957031,7011.78928387098
202201,전농1동,주간,4372.150235023035,9613.874574654412,9566.856837788046,8097.049574193574
202201,답십리1동,주간,3665.666746543772,5953.572264055277,6734.997423502316,5068.001181105995
202201,답십리2동,야간,3111.4866193548332,7319.874003225825,8400.431978494618,6723.935706451625
202201,용신동,야간,2975.291874193543,12574.642658064518,10040.368767741926,8109.55921720431
202201,용신동,주간,3121.7748778801865,13303.177004608311,14501.846661751168,12217.149710599126
202201,제기동,야간,3662.6875129032246,11180.627249462372,8429.037183870973,8663.231356989256
202201,답십리2동,주간,2701.479475576042,4771.8536585253305,6158.940392165911,5340.434638248852
202201,전농2동,주간,2993.2104903225872,3820.617982488474,4416.528088479266,3585.8238354838622
202201,전농2동,야간,3274.1556731182795,4151.489903225803,5515.84304086023,4128.528378494638
202201,장안1동,야간,4101.829009677421,11629.00815806449,10875.058563440862,7450.395173118249
202201,답십리1동,야간,4359.212904301076,7987.46213978493,8254.090988172014,5297.514722580647
202201,장안2동,야간,4745.3912440860295,7581.59873870968,8709.436035483857,5622.685544086027
202201,청량리동,야간,1637.5318655913934,4701.07038172042,5071.080434408614,5697.63520967742
202201,청량리동,주간,1840.9144069124375,5005.568608294945,5657.783769585266,6747.664702764981
202201,휘경2동,주간,2537.5974774193605,5598.920547465432,4436.463229032253,3836.7856875576153
202201,회기동,주간,2120.6706032258007,8588.759346082936,4382.9248718893905,3377.947994930885
202201,회기동,야간,2060.1608526881732,8245.266433333343,3686.18375698925,3488.748754838711
202201,휘경1동,야간,1723.7746591397852,7256.79663655915,3849.5060967741906,2921.0918333333284
202201,휘경1동,주간,1842.4333995391714,6313.627361751148,3829.0118769585383,3367.8397115207476
202201,휘경2동,야간,3185.095276344088,8083.088434408622,6019.9606430107715,4469.582189247304
202201,이문1동,야간,2509.130689247306,10892.071521505379,4855.196790322576,3775.6414172043046
202201,이문1동,주간,2516.4322935483774,9588.122008755785,4451.775070967754,3404.4696465437846
202201,이문2동,야간,3078.453747311833,4813.790719354828,5690.10810537634,4486.645258064524
202201,이문2동,주간,2329.926839631334,2774.4363179723487,3406.243491244255,3343.2955175115253
202202,장안1동,주간,3642.4009469387806,10543.384257142867,11430.394419898,7832.3871622449105
202202,제기동,주간,3315.822974999991,9701.326254081623,9350.19986734697,11152.81347806121
202202,답십리1동,야간,4453.280465476194,7988.3564440476175,8262.34862380953,5304.348426190485
202202,전농2동,주간,3111.0188607142913,3900.8156448979453,4462.906658163265,3623.0596336734593
202202,답십리1동,주간,3836.294665306134,6118.427586224484,6810.7428346938705,5029.318541836737
202202,장안1동,야간,4125.079960714288,11640.302830952367,10799.770036904789,7441.97594166666
202202,용신동,야간,3170.8795416666703,12984.98423452379,10185.410403571435,8214.618483333328
202202,용신동,주간,3390.385029591842,13793.42561377549,14557.57907806125,11865.928456632642
202202,제기동,야간,3771.4607273809524,11208.352434523798,8332.194689285741,8504.209422619037
202202,전농1동,야간,3759.227903571425,10413.567921428616,9017.270190476207,7021.014569047606
202202,전농1동,주간,4269.510239285732,9714.764622449007,9575.064388265337,7925.912973469388
202202,답십리2동,주간,2688.754952551023,4939.077033163271,6293.130647959194,5388.786137244899
202202,전농2동,야간,3295.1774547618993,4121.763342857148,5514.25863809525,4122.534626190487
202202,답십리2동,야간,3141.73200119048,7344.3738214285195,8349.054366666676,6681.923401190488
202202,이문1동,주간,2626.6140280612235,9706.752118877552,4622.320763775512,3478.5819852040745
202202,장안2동,주간,5433.602182142874,7212.051752551028,8846.23934336739,6107.139287244916
202202,장안2동,야간,4823.113097619044,7548.878092857147,8734.259391666648,5619.416688095237
202202,청량리동,주간,1849.4187168367248,5049.838841836737,5694.083174489778,6826.670571938764
202202,청량리동,야간,1657.732116666667,4751.408113095235,5177.919032142858,5746.547559523823
202202,회기동,야간,2109.4618333333347,8101.693311904764,3673.4208571428594,3429.5294178571385
202202,회기동,주간,2181.715466836732,8617.02898520409,4429.50992397959,3359.5418933673527
202202,휘경1동,야간,1763.1372714285706,7323.488908333329,3889.5300333333257,2957.569153571425
202202,휘경1동,주간,1932.5353566326526,6576.145527040846,3915.750009183681,3392.8684321428586
202202,휘경2동,야간,3238.5647964285786,8180.891507142857,5973.206617857134,4437.153384523806
202202,휘경2동,주간,2638.74857295918,5839.052446428571,4542.05077653062,3873.009921428592
202202,이문1동,야간,2555.9242964285654,10877.220342857127,4888.894592857146,3786.0308095238056
202202,이문2동,야간,3038.82841547619,4829.668598809523,5757.703369047623,4462.565665476193
202202,이문2동,주간,2377.685103061228,2880.6607795918453,3557.160013775513,3330.9841678571506
202203,이문1동,주간,4234.188202304155,11784.810533179716,4701.166248847927,3428.696136866346
202203,용신동,주간,3568.8943271889407,14557.891779723543,15014.554976958505,12447.604747926176
202203,제기동,주간,3882.6466640553076,10209.176818893986,9343.024974193539,11234.127135944656
202203,장안1동,주간,3417.1202829493,10613.001357603662,11435.140609216533,7784.865731797216
202203,답십리1동,야간,4547.422806451614,8091.483062365597,8367.659640860207,5411.001343010762
202203,장안2동,주간,5160.2338686636,7159.437213364048,8931.790512903204,6077.509670506923
202203,용신동,야간,3464.9090204301133,14025.748208602163,10559.382748387108,8431.215734408604
202203,제기동,야간,3991.5420473118234,11602.174076344067,8226.254673118272,8365.187512903223
202203,전농1동,야간,4065.184962365595,10894.588524731204,8804.220650537605,6737.512084946248
202203,전농1동,주간,4812.147953917041,9923.57048709678,9325.52481520741,7522.733277880165
202203,이문2동,주간,2068.68259585253,2974.6710032258065,3491.5518216589953,3235.6403456221155
202203,전농2동,주간,3834.671518433189,4435.854698156688,4554.265201843308,3556.4866267281177
202203,전농2동,야간,3480.633338709675,4255.662518279568,5464.037802150539,4044.3698913978455
202203,답십리1동,주간,3578.723323502309,6182.106022580649,6861.265902304144,5043.262943778814
202203,답십리2동,주간,1950.7247963133607,4781.914133179715,6005.061185714269,5094.436576036858
202203,답십리2동,야간,2961.952296774199,7175.004972043,8110.091274193571,6390.188393548403
202203,장안1동,야간,4137.168361290324,11772.446454838704,10808.814903225799,7332.644000000001
202203,청량리동,야간,1645.7803365591415,4946.416434408612,5216.575997849463,5832.621379569897
202203,장안2동,야간,4909.899795698931,7642.319494623635,8878.593653763457,5655.603297849463
202203,청량리동,주간,1886.1957654377925,5153.915896774189,5769.043481105988,6805.48273778799
202203,이문2동,야간,3194.8019688172067,4974.778397849456,5724.138535483893,4375.693256989253
202203,회기동,주간,3439.234328110597,9454.951372350226,4462.732375576039,3231.2307405529964
202203,회기동,야간,2695.3949870967726,8763.841852688163,3667.651766666673,3258.615884946235
202203,휘경1동,야간,1940.9875118279597,7903.072909677412,3926.046039784938,2990.6908709677405
202203,휘경1동,주간,1971.896338709678,6944.693435023039,3768.9313092165794,3314.3549018433146
202203,휘경2동,주간,3525.6443410138177,6428.03174147466,4483.869483410145,3778.75744930876
202203,휘경2동,야간,3660.796809677409,9061.826901075268,5869.517302150532,4414.649544086023
202203,이문1동,야간,3862.452122580635,12311.438339784952,5000.214137634414,3782.73041182795
202204,용신동,주간,3488.782592380949,14291.13603523812,15323.770977619064,12901.44509285718
202204,용신동,야간,3481.8705833333297,14231.166703333358,10644.29606777783,8470.543956666656
202204,답십리2동,주간,1694.7134123809558,4528.100186190468,5713.388757142884,4824.132235238077
202204,이문1동,주간,4223.265139047615,11960.16354380956,4565.685273333335,3289.8140361904866
202204,장안1동,주간,3247.4877433333327,10241.435931904785,11375.17715,7724.4004642857335
202204,휘경2동,주간,3676.8468361904847,6239.6997252381,4437.9252809523905,3673.744800476196
202204,답십리1동,주간,3246.145421428578,5671.12309857142,6441.851403333319,4798.822479523813
202204,답십리1동,야간,4502.606723333341,7908.210723333329,8213.222401111136,5209.505292222212
202204,전농1동,야간,4040.115640000003,10746.18487888894,8713.81287777778,6757.84667888887
202204,전농1동,주간,5049.438479523835,9707.153842380942,9142.264707619068,7579.521790952364
202204,장안2동,주간,4815.580731904768,6697.805384285716,8418.000800476158,5751.019131428558
202204,제기동,야간,3920.492973333337,11612.110948888905,8106.244457777778,8073.255626666658
202204,제기동,주간,3671.3117514285723,9949.600671428567,9134.674234761902,11020.898954761902
202204,전농2동,야간,3541.8289388888884,4311.770412222205,5385.025225555564,3914.607907777777
202204,전농2동,주간,4065.121846666661,4640.787071428575,4268.156332380936,3324.1976680952453
202204,휘경1동,주간,1870.963473333332,6677.627716666687,3681.3947528571275,3219.864267619039
202204,답십리2동,야간,2984.7421377777832,7251.367473333322,8113.868634444457,6490.296679999997
202204,장안1동,야간,4045.0299044444605,11758.707955555561,10743.340610000001,7289.549803333296
202204,장안2동,야간,4668.700513333337,7544.199801111104,8691.62413222225,5480.3317522222205
202204,이문2동,주간,1883.947548095238,2776.9343638095297,3355.061239999999,3086.3675590476164
202204,청량리동,주간,1888.058376190481,4984.140123809519,5613.2040580952325,6611.13029523811
202204,청량리동,야간,1602.1155155555573,4910.001252222222,5082.275008888897,5746.660679999997
202204,회기동,야간,2809.10203111111,9430.544651111113,3711.5504422222225,3467.247951111109
202204,회기동,주간,4061.345156190483,10229.17328571425,4658.46303666666,3399.0330000000054
202204,휘경1동,야간,1981.5210366666706,7899.935871111101,3869.61777777778,2914.021622222228
202204,휘경2동,야간,3680.1750477777755,9022.723807777787,5831.433559999991,4372.729028888884
202204,이문1동,야간,3834.261516666662,12650.13480444446,4932.135800000013,3722.762984444469
202204,이문2동,야간,3195.582643333338,4862.5183433333295,5624.014507777786,4271.248043333338
202205,용신동,야간,3558.095530107523,14429.85831290322,10809.24064838708,8639.141424731188
202205,제기동,야간,4072.2052344085987,11786.04840752692,8211.81735483874,8226.428529032264
202205,전농1동,야간,4140.653290322586,10588.0501731183,8676.000015053743,6922.926303225788
202205,전농2동,야간,3579.634891397847,4364.499950537631,5430.8440505376475,3943.716437634408
202205,답십리1동,야간,4556.994586021501,7939.8034806451715,8289.186769892485,5311.653811827941
202205,답십리2동,야간,3095.707072043,7303.063503225799,8092.599040860219,6437.896804301086
202205,장안1동,야간,4270.332932258056,11935.599736559117,10883.936970967754,7374.738192473123
202205,장안2동,야간,4700.468732258059,7545.780613978477,8751.60721505376,5537.915922580662
202205,청량리동,야간,1637.9054225806476,5025.691417204288,5177.026790322577,5863.929139784946
202205,회기동,야간,2833.2107161290373,9673.929703225813,3802.701425806448,3529.424733333329
202205,휘경1동,야간,2038.047920430103,8080.604967741953,3909.36810215054,3014.3280483870944
202205,휘경2동,야간,3622.4310161290396,9128.01014086023,5817.312146236563,4417.7466709677465
202205,이문1동,야간,3808.9505602150525,13009.033656989239,5008.217270967738,3806.4085408602023
202205,이문2동,야간,3236.7601989247273,4862.654817204286,5677.367761290323,4227.443027956992
202205,용신동,주간,3736.080414746561,14724.932055760337,15707.393944239562,13648.422168202744
202205,제기동,주간,3827.696261751142,10304.752664055344,9303.19516451614,11181.05430599077
202205,전농1동,주간,5242.75002534565,9861.94762580648,9237.950197235019,7850.509854838731
202205,전농2동,주간,4189.98250414746,4918.217036866366,4295.399515668202,3292.08115115208
202205,답십리1동,주간,3228.9142156682087,5576.904281106006,6444.232052534571,4844.063914746551
202205,답십리2동,주간,1679.0371271889467,4566.501327649764,5716.046427649775,4768.0674175115355
202205,장안1동,주간,3302.296409677411,10246.062394009201,11450.71093364058,7829.174813824873
202205,장안2동,주간,4729.858468663593,6542.105417050695,8402.672784331806,5754.912413824901
202205,청량리동,주간,2035.9127930875525,5107.333176497711,5722.473317050669,6852.32849631335
202205,회기동,주간,4052.484276497704,10188.35531198156,4649.758884792635,3403.841424423954
202205,휘경1동,주간,1890.3667898617484,6749.371629493078,3730.603723963138,3342.425643778814
202205,휘경2동,주간,3618.857133179709,6257.590843317982,4358.313434101369,3687.46245161292
202205,이문1동,주간,4216.441478341015,12432.145965437801,4665.938727649783,3327.0549036866396
202205,이문2동,주간,1934.9548714285709,2819.26412718894,3468.7764640552837,3145.787347465434
202206,용신동,주간,3612.6094447619075,14806.221810952364,15658.81385333333,13718.543122380861
202206,답십리2동,주간,1840.5068652380976,4626.913873809542,5816.666641428578,4853.554628571427
202206,답십리2동,야간,3201.2088266666547,7342.218721111127,8152.345451111117,6498.794069999992
202206,휘경2동,주간,3669.151501428572,6339.9646547619295,4468.300828571424,3760.8954319047693
202206,이문1동,야간,3673.2244333333383,13286.880895555572,5194.876642222217,4004.839125555551
202206,이문1동,주간,3889.2793376190443,12372.518878571438,4756.901472857137,3430.5631652380866
202206,장안1동,주간,3377.084840476175,10378.772610000044,11654.757702380952,8094.228157142846
202206,장안2동,주간,5138.745078095245,6716.968975238109,8572.26443857144,5816.09676190478
202206,용신동,야간,3402.5296188888715,14430.870462222216,10797.564052222197,8706.689695555588
202206,장안2동,야간,4960.253907777793,7614.750258888888,8879.876568888902,5615.18067666665
202206,제기동,주간,3799.0587361904695,10828.149011904763,9570.530987142842,11482.110260476244
202206,제기동,야간,4186.021143333345,12173.091304444462,8452.010733333345,8448.36302111111
202206,전농2동,주간,4157.314298095236,4767.638236190472,4354.375813333341,3332.9670738095083
202206,전농1동,주간,5155.06383714287,10017.469176190467,9381.803278095234,8039.796907142867
202206,전농1동,야간,4049.441121111118,10636.517247777789,8647.06135,6960.053806666659
202206,답십리1동,주간,3409.1774576190505,5662.17438476191,6533.154741428565,4985.1614290476255
202206,전농2동,야간,3603.6575833333377,4403.563033333322,5472.750302222225,3964.1797144444404
202206,답십리1동,야간,4688.432649999998,7927.368481111119,8393.268191111098,5449.320856666677
202206,장안1동,야간,4361.144096666657,11951.313402222246,10995.729003333357,7505.734652222218
202206,이문2동,주간,2040.3221414285745,2795.0838676190606,3497.538692380949,3169.8621880952282
202206,청량리동,야간,1686.5360955555536,4947.851032222223,5179.400490000015,5921.230901111111
202206,청량리동,주간,2078.196402857144,5008.963100476204,5737.152547619063,6907.159130476217
202206,회기동,야간,2843.561579999996,10044.531476666658,3902.224675555554,3597.4725288888862
202206,회기동,주간,4098.463040476196,10485.884357142855,4678.674074285712,3472.10922238096
202206,휘경1동,야간,2020.5801000000058,8304.08740999998,3944.117468888889,3084.7095044444463
202206,휘경1동,주간,1858.0898761904762,6974.428557142863,3797.129294285712,3437.697760476199
202206,휘경2동,야간,3585.1184477777774,9274.795121111118,5885.380466666669,4459.283012222231
202206,이문2동,야간,3295.006815555562,4802.377013333343,5732.2008066666795,4232.5876022222155
202207,답십리1동,주간,3586.4093755760377,5664.874064976945,6563.193159447021,4962.830571889394
202207,답십리2동,주간,2119.5818834101406,4680.394080645148,5852.608987557577,4857.853358525331
202207,답십리2동,야간,3216.814296774183,7504.923968817213,8229.21386129033,6471.028409677406
202207,장안1동,주간,3492.3553599078436,10298.716752995357,11487.189200921677,7940.034534562213
202207,답십리1동,야간,4574.1762290322495,7788.8395698924805,8147.984468817204,5264.61060107526
202207,용신동,주간,3328.886196313364,14254.36648525349,15173.442475575963,12997.274301843316
202207,용신동,야간,3073.5959139784936,13759.505269892486,10412.229787096785,8285.356531182777
202207,제기동,주간,3367.844012903236,10148.438049769584,9481.754323963134,11177.52178801847
202207,제기동,야간,3879.9804892473203,11681.69327311826,8429.830290322565,8449.4913860215
202207,전농1동,주간,4343.096542396297,9146.53039262671,8786.951925345593,7494.336695852532
202207,전농1동,야간,3513.854284946246,9710.34603225807,8015.400665591405,6482.628235483885
202207,전농2동,야간,3277.5983408602174,4228.1475505376375,5363.2306236559225,3851.770361290324
202207,전농2동,주간,3283.3535658986148,4008.096252073744,4192.8250917050855,3282.7417304147452
202207,장안1동,야간,4306.850069892464,11719.820605376337,10721.54495268817,7243.867221505399
202207,장안2동,주간,5143.874050691257,6690.481623502278,8366.115558064519,5671.201216589851
202207,장안2동,야간,4918.992274193551,7596.0185258064475,8731.010483870987,5427.657969892465
202207,청량리동,주간,1935.698481566819,4812.119394009213,5564.37961336406,6557.3274170506675
202207,회기동,주간,3141.495297235022,9571.956886175121,4521.770449769597,3404.5989672811083
202207,청량리동,야간,1585.888198924734,4667.474027956984,5011.34958709677,5709.114967741946
202207,회기동,야간,2415.4013387096793,9383.332423655893,3793.8824118279567,3507.789475268823
202207,휘경1동,야간,1874.3994053763445,7987.540192473126,3912.942445161287,2968.738588172039
202207,휘경1동,주간,1730.6614907834028,6618.269788479237,3680.3461774193524,3265.5324115207404
202207,휘경2동,야간,3126.0852301075324,8680.064023655894,5717.132424731194,4261.381206451621
202207,휘경2동,주간,2895.6854723502283,5868.001148847938,4351.304490322576,3533.908142396295
202207,이문1동,야간,2864.8872354838772,11841.892967741938,4857.771188172043,3750.3249849462477
202207,이문1동,주간,2955.8076493087588,10319.437003686626,4450.428988479262,3207.067607834095
202207,이문2동,야간,3148.8424709677493,4598.746463440854,5588.151415053763,4060.3172537634396
202207,이문2동,주간,2052.9442986175104,2642.213039631337,3407.511692626722,3058.8948580645047
202208,전농1동,주간,4076.180409216584,8351.81886129029,8248.57059216592,6977.2523354838795
202208,답십리2동,주간,2212.6070898617554,4820.709121658975,6024.69760737328,4975.82873686636
202208,장안1동,주간,3410.000813824891,10063.281502304179,11200.360741474682,7750.95695207375
202208,용신동,주간,3106.495304147469,13357.80994147465,14183.05294193553,12088.61297465435
202208,용신동,야간,2866.117023655915,12984.719072043028,9819.19176881717,7712.104359139816
202208,장안1동,야간,4161.460073118279,11471.262770967725,10557.188352688152,7038.453119354827
202208,답십리1동,야간,4388.5452655914005,7686.655847311847,7997.93228924731,5107.713488172046
202208,답십리1동,주간,3432.5395230414774,5666.4033092165855,6553.397207834075,4890.940381566826
202208,답십리2동,야간,3264.0474677419265,7625.047996774192,8416.421899999981,6488.0771021505525
202208,이문1동,주간,2809.888340092154,10235.587948847946,4367.037308294927,3175.9596142857094
202208,이문2동,주간,2030.7201377880137,2483.2124709677473,3230.888405529963,2929.8569027649683
202208,장안2동,야간,4728.441024731191,7530.260386021502,8652.13975698924,5352.380326881718
202208,장안2동,주간,5005.3680594469915,6506.076254377876,8189.186810599079,5549.745056682022
202208,제기동,주간,3205.6701294930976,10204.237929032326,9357.51190921659,11017.680107834138
202208,제기동,야간,3744.992890322581,11768.695384946259,8169.2326978494775,8130.572740860173
202208,전농1동,야간,3312.7824354838795,9103.05360430107,7666.919136559136,6247.873770967742
202208,전농2동,야간,3273.4879795698866,4172.9536881720405,5394.545911827958,3847.4076720430035
202208,전농2동,주간,3294.6705437787964,3840.216299078348,4198.796712903239,3263.506675576035
202208,휘경2동,주간,2824.310013824885,5789.675508755778,4294.854031797225,3505.650050230418
202208,청량리동,야간,1681.24733870968,4896.985179569898,5246.7513591397865,6007.672566666679
202208,청량리동,주간,1898.851793548393,5034.67674147466,5809.9419147465715,6852.2648880184415
202208,회기동,야간,2344.6859419354864,9133.638861290325,3726.078354838714,3363.6446548387066
202208,회기동,주간,2974.895110599088,9680.883245161272,4510.22630645161,3339.8145497695905
202208,휘경1동,야간,1919.682610752684,8519.737376344108,4212.575725806455,3047.8911086021612
202208,휘경1동,주간,1765.2245193548338,6912.295419815688,3852.906399539177,3314.878705069128
202208,휘경2동,야간,3088.063824731182,8412.214236559132,5599.586673118272,4177.0264623655885
202208,이문1동,야간,2714.2287989247257,11613.336344086032,4695.314653763447,3631.0661043010755
202208,이문2동,야간,2938.725460215051,4281.2400623655985,5294.924830107521,3889.4114978494667
202209,장안1동,주간,3178.995424761904,9820.183053333323,11315.554154285708,7650.87621095239
202209,장안2동,주간,4977.1667261904795,6376.32221571428,8288.81361000006,5491.14070857145
202209,장안2동,야간,4974.513410000014,7565.607085555578,8814.133606666657,5440.816853333325
202209,용신동,야간,2963.5624522222174,13188.966773333348,9922.917505555573,7679.7144622222395
202209,용신동,주간,3220.6500542857098,13082.885427142926,14471.934510000032,12356.022705714253
202209,전농2동,야간,3333.8288244444416,4273.0043977777805,5449.97609555556,3943.0438699999995
202209,제기동,주간,3652.9635009523736,10985.788495714336,9361.11728380952,11033.988034761904
202209,제기동,야간,3907.796673333341,12276.517625555547,8114.740898888874,7967.699617777803
202209,답십리1동,야간,4573.622227777773,7596.484985555548,8083.23346111111,5165.076146666662
202209,전농1동,야간,3613.068384444457,9418.509772222222,7620.465379999988,6128.441997777761
202209,전농1동,주간,4316.348120476207,8640.116444761912,8089.025266666655,6821.717929523819
202209,답십리1동,주간,3455.7521980952383,5468.043075714291,6549.580057619047,4794.576636190484
202209,전농2동,주간,3898.0417338095217,4921.903301428564,4312.809433333327,3308.1542880952284
202209,답십리2동,야간,3279.8813088888933,7531.105446666653,8316.81666222221,6435.60556444444
202209,답십리2동,주간,2001.481051428565,4740.934198571422,6070.412291904793,4919.614574285722
202209,장안1동,야간,4201.999117777774,11467.284913333338,10697.279304444439,7048.962118888871
202209,휘경2동,주간,3229.1779709523785,5994.062366666685,4191.391921428558,3397.3518323809462
202209,청량리동,주간,2011.5906438095237,5306.865431904752,6267.421750000003,7359.360325714289
202209,청량리동,야간,1758.1397777777756,5220.75878333335,5526.846918888892,6295.534607777762
202209,회기동,야간,2676.2666244444467,9906.17156222223,3745.735805555547,3426.9219288888858
202209,회기동,주간,4226.349569523816,11431.980758095238,4654.870585238098,3362.3072742857116
202209,휘경1동,야간,1992.4351888888884,8945.338492222209,4274.743912222221,3090.6145377777793
202209,휘경1동,주간,1697.9549176190517,6882.459350476178,3950.106593809522,3361.3271619047628
202209,휘경2동,야간,3148.5013244444526,8523.921477777798,5287.965424444467,3992.193640000003
202209,이문1동,주간,3814.0659909523847,13764.520136666597,4600.8332809523945,3182.6566361904656
202209,이문1동,야간,3120.495403333336,12772.328243333306,4628.480813333344,3583.948448888888
202209,이문2동,주간,1862.4938028571448,2495.2058085714357,3267.6927352381003,2891.6857866666664
202209,이문2동,야간,2965.1863155555566,4339.209417777777,5312.709672222215,3880.136715555558
202210,전농1동,주간,4420.022502304143,8856.245367281104,8116.481791244242,6781.1403248847655
202210,장안1동,주간,3273.6753055299514,9982.341869585278,11290.948696313417,7641.460680645156
202210,장안1동,야간,4122.392666666666,11600.353753763467,10715.7464075269,7079.997992473106
202210,답십리1동,야간,4618.705932258071,7639.728148387082,8009.382900000003,5051.513051612895
202210,답십리1동,주간,3521.091838709682,5563.123967281119,6519.066784792618,4722.872188018422
202210,용신동,야간,3141.8460473118325,13836.331376344087,10267.164146236577,7755.540398924749
202210,용신동,주간,3216.44128156683,13448.618297695899,14472.378407373322,12472.394361751196
202210,제기동,주간,3583.874821198156,10946.981514746529,9098.912591244214,10812.744108294906
202210,제기동,야간,3857.291546236565,12601.097766666675,8041.758789247328,7861.206382795691
202210,전농1동,야간,3697.23193655913,9658.600189247292,7676.855933333322,6073.212475268832
202210,전농2동,야간,3383.5458827956904,4228.5346666666555,5348.6419279569955,3895.5646043010634
202210,전농2동,주간,3876.6809460829486,4860.5081082949155,4116.9338663594435,3139.3037304147465
202210,답십리2동,주간,2021.2301990783392,4838.13278018432,6074.954579723488,4813.356851612911
202210,답십리2동,야간,3276.3702752688164,7611.557020430083,8297.740690322571,6420.830399999981
202210,장안2동,주간,5028.098904608292,6473.981033179713,8268.065635483885,5500.489282027639
202210,장안2동,야간,4953.076851612913,7724.463980645151,8961.458025806422,5548.709527956992
202210,청량리동,주간,2038.4161838709736,5472.241465898616,6390.309610599051,7393.362954377894
202210,청량리동,야간,1816.610996774194,5255.6890311828,5545.33762473118,6298.99137419355
202210,이문2동,주간,1840.3089165898623,2556.151287557602,3197.803264055317,2837.057529493082
202210,회기동,야간,2692.2295258064487,10324.137486021513,3721.639440860208,3349.7148870967726
202210,회기동,주간,4003.0870470046093,11781.900360829499,4595.4748562212,3228.5839193548272
202210,휘경1동,야간,1972.5411709677398,9084.170818279554,4253.463069892475,2998.605131182799
202210,휘경1동,주간,1707.8908267281138,7121.4069506912365,3916.430900460823,3349.352572350228
202210,휘경2동,야간,3154.460363440856,9023.13595161293,5318.598537634404,3928.469478494609
202210,휘경2동,주간,3191.8464571428462,6391.644972811046,4208.009166359426,3400.998562672811
202210,이문1동,주간,3719.7761585253565,14094.818990322563,4711.380558064494,3209.212724423978
202210,이문1동,야간,3168.1548086021526,13463.659553763457,4759.201807526891,3624.007595698924
202210,이문2동,야간,2922.614676344085,4333.588408602157,5195.742470967744,3842.222717204311
202211,용신동,야간,3203.4514111111043,14179.095457777845,10490.594997777784,7909.857862222245
202211,제기동,야간,3773.4191422222284,12649.607287777779,8060.967821111102,7750.903087777754
202211,전농1동,야간,3578.228793333334,9876.266521111134,7834.715922222225,6126.8732611111045
202211,전농2동,야간,3373.98854111111,4292.753066666667,5344.720443333333,3902.204681111108
202211,답십리1동,야간,4661.741645555556,7714.517183333333,8073.544951111096,5077.222677777786
202211,답십리2동,야간,3359.111569999996,7599.689293333359,8327.58392111112,6431.965504444459
202211,장안1동,야간,4172.166157777782,11685.268910000008,10857.392874444444,7166.3960300000035
202211,장안2동,야간,4991.967582222229,7845.706713333327,9047.87570222224,5596.689375555551
202211,청량리동,야간,1784.911182222225,5344.451489999991,5609.9449655555545,6292.108843333329
202211,회기동,야간,2669.378417777782,10647.146318888897,3738.3755966666686,3347.93478888889
202211,휘경1동,야간,1846.4687600000004,9011.647650000006,4083.2597455555583,2929.568426666667
202211,휘경2동,야간,3214.667556666676,9218.184306666679,5404.2657511111065,4029.876556666672
202211,이문1동,야간,3148.9062544444387,14053.973395555548,4896.654800000001,3755.317557777789
202211,이문2동,야간,2960.7421300000024,4373.26977888889,5260.232682222232,3855.9028788888954
202211,용신동,주간,3199.6350557142855,13726.62390095237,15059.239849999994,12613.898059047608
202211,제기동,주간,3638.182829047626,11223.077150000001,9237.12995666667,10652.666927619048
202211,전농1동,주간,4544.924502857158,8826.27641142852,8192.638022857132,6850.733591428577
202211,전농2동,주간,3933.5575657142804,4909.245357142871,4114.240520952366,3184.6865219047672
202211,답십리1동,주간,3620.4180271428586,5384.133389047624,6427.094569999998,4750.639883333331
202211,답십리2동,주간,2124.9636242857173,4709.006880476208,6028.075842857157,4908.632622380943
202211,장안1동,주간,3287.4122485714315,10071.36424142858,11472.656189047679,7686.771102380985
202211,장안2동,주간,5084.4473390476205,6438.225841904763,8301.614795714306,5660.330199523795
202211,청량리동,주간,2025.230252857141,5557.123741904759,6555.505272857154,7411.16443428573
202211,회기동,주간,4301.357266666667,12423.41203857143,4852.0715147618985,3396.17875047619
202211,휘경1동,주간,1644.9472628571427,6870.9636342856975,3781.5272309523825,3293.2799609523977
202211,휘경2동,주간,3361.5248042857265,6461.586474285688,4324.644858571427,3513.8791285714365
202211,이문1동,주간,3898.063041904746,14906.669621904772,4999.58127857143,3375.307858571421
202211,이문2동,주간,1906.5769314285683,2442.723498095226,3175.0139942857195,2861.148578571437
202212,용신동,야간,3167.507209677427,14246.813644086062,10519.217783870985,7823.787631182823
202212,제기동,야간,3776.4274161290286,12443.09469892473,8053.632856989237,7797.199362365608
202212,전농1동,야간,3794.655529032261,10442.297462365597,8529.39000215052,6590.75747634409
202212,전농2동,야간,3394.1294806451647,4293.65302903226,5279.244202150536,3891.088477419358
202212,답십리1동,야간,4437.492517204304,7324.739772043026,7666.101589247311,4862.769044086019
202212,답십리2동,야간,3328.4508666666666,7531.831252688146,8370.854920430133,6507.989222580651
202212,장안1동,야간,4171.722583870961,11775.783069892446,10849.846490322603,7254.639997849474
202212,장안2동,야간,5038.8388935483845,7722.701955913984,9225.769566666677,5676.700615053757
202212,청량리동,야간,1742.5905720430071,5298.491793548373,5671.908476344063,6348.232703225786
202212,회기동,야간,2642.0433505376354,10801.284203225807,3820.795523655914,3397.2794698924718
202212,휘경1동,야간,1917.2611043010772,9201.634608602142,4157.8322483871025,2950.6375247311826
202212,휘경2동,야간,3141.10855913978,9228.775546236555,5513.208946236569,4100.957143010753
202212,이문1동,야간,2934.7232075268835,14067.332672042969,4760.3367451613,3693.7210139784747
202212,이문2동,야간,3035.60975376344,4388.764016129034,5299.274617204296,3941.32364731183
202212,용신동,주간,3176.50914654377,14099.885196313293,14875.458738248914,12495.819237787991
202212,제기동,주간,3465.2443829493122,11038.469761751121,9155.039708755741,10513.672365437818
202212,전농1동,주간,4791.87165760367,9646.442114285743,9124.666317050627,7471.330224884837
202212,전농2동,주간,3604.190844700462,4583.852070967739,4091.808738709674,3247.504795852531
202212,답십리1동,주간,3460.737546082947,5321.655529032255,6303.74405898616,4716.842880645162
202212,답십리2동,주간,2222.397419354832,4915.440921658993,6118.689820737308,5061.82154930877
202212,장안1동,주간,3402.4650488479497,10197.208229953903,11578.578963133654,7918.347353456242
202212,장안2동,주간,5081.486737788007,6531.561652534564,8522.290385714312,5875.285376036847
202212,청량리동,주간,1994.171405990781,5586.406423041482,6583.052170967755,7570.6411129032085
202212,회기동,주간,3786.0700585253585,12100.83559769584,4784.885142857131,3436.189461290316
202212,휘경1동,주간,1671.9226737327183,7303.573319354837,3833.9521580645196,3342.392021658986
202212,휘경2동,주간,3111.5287271889256,6434.682845161275,4340.998434101391,3634.9992493087557
202212,이문1동,주간,3295.0317327188973,13901.31461843322,4764.529254377898,3389.1681797235
202212,이문2동,주간,1915.9415912442378,2577.9005635944573,3254.871726728116,2989.734354838707
202301,용신동,야간,3004.1918602150668,13715.814991397814,10668.346735483883,7991.077868817197
202301,제기동,야간,3596.8346698924574,10931.323582795696,8082.039532258056,7797.556174193572
202301,전농1동,야간,3607.674972043009,9938.24478924732,8680.780473118257,6658.165239784913
202301,전농2동,야간,3218.5370602150524,4089.3390634408556,5268.038665591399,3936.2224870967716
202301,답십리1동,야간,4311.630131182807,7134.997977419361,7538.078732258079,4863.978039784957
202301,답십리2동,야간,3315.905543010748,7464.981748387115,8358.397298924732,6467.815670967732
202301,장안1동,야간,4194.546470967735,11508.938619354863,10936.138712903243,7292.895841935464
202301,장안2동,야간,5005.326767741943,7608.321927956992,9187.469167741923,5636.9216032258255
202301,청량리동,야간,1738.5255440860249,5056.049433333331,5593.122217204301,6262.425021505375
202301,회기동,야간,2193.2995333333297,8770.0261752688,3715.956796774192,3264.7580784946167
202301,휘경1동,야간,1807.7452473118303,7803.880632258074,4070.2824720430112,2955.3959655914036
202301,휘경2동,야간,2843.0450516129054,8210.38957741934,5483.539398924731,4078.9666913978617
202301,이문1동,야간,2325.543279569886,11346.221265591385,4645.278922580642,3609.312465591387
202301,이문2동,야간,2847.2319784946244,4248.76232258064,5215.609140860216,3942.4582236559186
202301,용신동,주간,3263.226568202768,13706.750276958512,14732.483655299571,12457.061010138244
202301,제기동,주간,3159.553368202763,9608.799604608343,9184.944341013806,10814.954326728091
202301,전농1동,주간,4155.240095391697,9068.723323502332,9097.34725253455,7415.094623963147
202301,전농2동,주간,2986.21660092166,3790.117383870964,4064.9936078340875,3322.784476497698
202301,답십리1동,주간,3764.1588649769587,5263.26697050689,6278.919449308764,4741.94331059908
202301,답십리2동,주간,2801.330385714286,4978.37224792627,6289.291551612877,5209.670377880176
202301,장안1동,주간,3650.5501041474813,10098.543937787997,11505.420099539127,7773.11737004612
202301,장안2동,주간,5567.083944239647,6652.498219354847,8574.247841935487,5854.179187096779
202301,청량리동,주간,1863.2752506912389,5393.039701382484,6599.517819354835,7497.880758986162
202301,회기동,주간,2227.5847686635952,9205.134013824878,4440.99418847927,3255.840166820282
202301,휘경1동,주간,1786.3973576036844,6437.243787557606,3854.235723041464,3286.711103225822
202301,휘경2동,주간,2287.6988456221234,5705.892196313361,4335.002688479262,3653.563122580657
202301,이문1동,주간,2428.2716336405597,10149.20387649767,4522.772847465452,3364.7055603686636
202301,이문2동,주간,2194.085526728105,2553.3023087557567,3325.297341935486,3081.357259447004
202302,용신동,야간,3175.1649202380977,14506.366039285705,10942.252739285728,8109.533175000029
202302,제기동,야간,3771.704795238106,11567.886782142838,8299.336720238125,8037.262280952377
202302,전농1동,야간,3747.538835714288,10368.814405952386,8827.975422619029,6686.600758333334
202302,전농2동,야간,3171.341913095239,4023.9425523809664,5207.5855880952395,3912.9321333333305
202302,답십리1동,야간,4340.939519047614,7311.062605952377,7675.365829761896,4834.733338095235
202302,답십리2동,야간,3249.1615559523857,7454.17312976193,8313.353209523817,6328.424659523789
202302,장안1동,야간,4378.123180952377,12019.600246428525,11258.631832142853,7427.526558333339
202302,장안2동,야간,5129.061420238095,7546.34302500001,9024.481982142886,5473.368891666673
202302,청량리동,야간,1733.6895095238133,5076.284714285716,5377.598952380943,6080.752165476196
202302,회기동,야간,2302.3339238095236,9151.288713095264,3670.0912154761845,3239.438489285716
202302,휘경1동,야간,1857.9769607142855,8134.06696309525,4110.076479761905,2982.6293452380937
202302,휘경2동,야간,2957.734708333328,8653.199740476199,5518.3439583333175,4077.3534535714334
202302,이문1동,야간,2437.93389880953,11824.40924047619,4698.259134523818,3584.5585714285658
202302,이문2동,야간,2880.2882607142856,4275.781395238098,5194.335145238103,3874.169986904763
202302,용신동,주간,3435.9991632652936,14464.87581989791,15590.871165306042,13054.32879030611
202302,제기동,주간,3352.7734545918356,10161.582151020417,9460.006559183648,10969.200430102032
202302,전농1동,주간,4299.2355765305865,9203.876952551022,9229.950040306108,7459.602668877519
202302,전농2동,주간,2993.60344642857,3671.6525285714247,3914.561380612248,3193.613578061221
202302,답십리1동,주간,3764.916589285724,5253.6867704081615,6276.629860204057,4649.368715816339
202302,답십리2동,주간,2708.5329673469423,4858.857055102046,6184.3493428571355,4992.265759693873
202302,장안1동,주간,3672.5737770408296,10375.079673979577,11881.12962346943,7953.059327040809
202302,장안2동,주간,5644.218961734697,6438.6985831632455,8381.782680612258,5787.641880102026
202302,청량리동,주간,1811.4114908163217,5482.39096683673,6610.003654591855,7498.487197959186
202302,회기동,주간,2704.2846515306146,9861.093021938766,4671.174089795923,3330.981552040819
202302,휘경1동,주간,1834.3513698979611,6617.173326020392,3912.7363612244944,3386.8703678571396
202302,휘경2동,주간,2525.954236734697,5942.748379591825,4403.380034693871,3589.351297959194
202302,이문1동,주간,2752.745758673468,10639.94319591837,4756.045093367349,3340.574836224489
202302,이문2동,주간,2150.2940127551024,2474.8215642857162,3181.5315306122397,2870.7684749999853
202303,전농2동,야간,3222.431130107532,3930.8834860215115,5094.1002440860275,3868.0540903225883
202303,답십리1동,주간,2979.139325345622,5116.144729493093,6162.596116589867,4509.301792165893
202303,답십리2동,주간,1911.8884857142864,4553.734058064512,6010.935870046092,4846.444364516135
202303,휘경2동,주간,3822.387126267281,6373.311071889383,4378.341889400924,3582.34340276499
202303,휘경2동,야간,3621.8498978494604,9671.52005483871,5559.019450537638,4110.078706451611
202303,용신동,주간,3461.3429336405525,14338.670210599119,15501.148960368708,13017.397516589821
202303,제기동,주간,4156.034088479252,11364.579362672781,9445.360865437762,10958.014083870974
202303,전농1동,주간,5139.531336405532,9692.581359447053,9097.397935483868,7298.370980184346
202303,답십리2동,야간,3241.3011215053643,7256.72884516131,8198.385454838712,6264.503023655908
202303,장안1동,주간,3250.297404147466,10213.640505990761,11839.854335483864,7934.907300460837
202303,장안2동,주간,5166.886678341046,6251.766771889389,8349.47966728108,5748.559696774193
202303,청량리동,주간,2041.427046543776,5597.670709677442,6561.037540092156,7381.960259907857
202303,전농2동,주간,4196.350585714282,4963.064636866373,4007.6968516129123,3141.1757396313524
202303,이문2동,주간,1705.9576414746484,2405.4097714285776,3144.0202225806356,2820.4464156681975
202303,용신동,야간,3540.2038827956967,15047.686250537654,10997.879190322588,8030.244822580662
202303,제기동,야간,4396.532548387092,12858.376633333353,8326.183591397878,7954.151660215061
202303,전농1동,야간,3969.6692118279348,10987.071462365617,8874.603976344095,6639.801593548393
202303,답십리1동,야간,4328.460260215056,7305.0803709677175,7649.801760215054,4731.707176344082
202303,장안1동,야간,4305.593033333339,12112.751591397826,11295.195232258076,7539.557091397849
202303,장안2동,야간,5137.712321505368,7545.331116129047,9011.87028494625,5508.392239784956
202303,청량리동,야간,1765.641274193551,5306.868087096772,5330.074329032259,5983.212748387096
202303,회기동,주간,5210.035938709684,12936.106061751168,4852.487862672817,3267.583279262673
202303,회기동,야간,3079.2383440860176,10905.731858064506,3644.254105376338,3222.002395698923
202303,휘경1동,야간,2009.714686021509,9008.533888172025,4002.583611827958,2892.3227569892497
202303,휘경1동,주간,1751.5296202764946,6850.713051152087,3846.6173534562336,3321.471521658984
202303,이문1동,야간,3648.606219354839,14060.693278494597,4705.355793548395,3531.700464516123
202303,이문1동,주간,5016.185671889407,15667.298520737328,5114.4277216589635,3274.612585714283
202303,이문2동,야간,3080.803132258065,4377.532896774179,5221.787596774194,3885.322723655909
202304,청량리동,야간,1821.0044299999963,5491.9886011111075,5448.986137777773,5993.878604444438
202304,청량리동,주간,2023.7007476190458,5618.200642380953,6525.12468047618,7331.356955238126
202304,휘경2동,주간,3716.672827619064,6397.292715238107,4351.871846666668,3468.1421442857086
202304,휘경2동,야간,3531.9094766666553,9646.691593333353,5530.319759999992,4069.3554711111096
202304,장안2동,주간,5268.758012380962,6187.9179161904785,8250.173423809532,5564.4991004762005
202304,이문1동,주간,4747.41189047618,15609.709223809525,4991.970578095235,3127.405345714276
202304,전농1동,주간,4916.005931428589,9513.181985238121,8915.758687142845,7002.9392609524
202304,답십리1동,주간,2957.5138933333333,5102.555071428564,6058.229561904766,4363.344700952375
202304,답십리2동,야간,3145.6887299999958,6976.858778888901,7908.048222222227,6042.636810000004
202304,답십리2동,주간,1990.3572661904782,4494.508093809539,5864.9171676190645,4728.224520952381
202304,장안1동,주간,3372.3376447619,10154.695004761887,11654.756764285774,7766.945682857155
202304,장안2동,야간,5157.762874444423,7694.586331111105,9060.165177777779,5477.28066888888
202304,이문2동,주간,1771.1194976190466,2407.0587719047658,3149.6548271428514,2720.1865590476045
202304,답십리1동,야간,4253.923534444442,7304.43806999999,7653.740085555549,4695.311557777767
202304,용신동,야간,3488.334212222228,15143.032971111099,11085.269482222195,8005.45327777776
202304,용신동,주간,3453.261328095234,14334.876080952386,15191.852394761912,12626.815070476156
202304,제기동,야간,4341.138054444443,12806.64998333336,8225.617242222213,7780.511803333317
202304,제기동,주간,4020.818249047614,11149.153747142893,9067.539939523811,10276.675333333305
202304,전농1동,야간,3965.2659988888954,10790.183364444447,8709.392225555539,6422.809053333339
202304,전농2동,야간,3259.105538888894,4019.8526377777853,5102.77526666667,3820.6986766666782
202304,전농2동,주간,4077.8427438095227,5132.360913809517,3999.5270057142893,3121.5319323809535
202304,장안1동,야간,4486.396047777766,11946.249044444414,11365.137425555562,7526.465235555541
202304,회기동,야간,3031.021684444446,11059.867910000015,3673.349117777774,3188.4756222222272
202304,회기동,주간,4911.323257142855,12846.307183809502,4722.516049523818,3192.0615171428603
202304,휘경1동,야간,1997.9534877777814,9081.428937777739,4028.78386555556,2901.436572222219
202304,휘경1동,주간,1703.0274838095233,6997.036688571417,3840.564347142857,3263.459007142858
202304,이문1동,야간,3676.635913333333,14413.442848888868,4755.405362222229,3512.135452222204
202304,이문2동,야간,3078.7760588888855,4366.779462222225,5182.5047111111135,3804.348733333338
202305,제기동,주간,3883.5137175115083,11213.316576958478,8952.61469539175,10112.46881105991
202305,답십리1동,야간,4305.752313978489,7278.784307526898,7735.842083870972,4699.701426881709
202305,답십리1동,주간,2958.9279078341024,5092.977761290311,6139.27302764977,4401.457155760354
202305,답십리2동,주간,2006.239510138242,4511.49428617512,5941.717886635932,4680.886881105986
202305,장안1동,주간,3307.7218442396174,10010.415328571418,11478.318781106014,7713.047029953894
202305,휘경2동,주간,3439.656406912437,6424.138011059897,4313.874763594481,3428.754595852527
202305,휘경2동,야간,3304.739329032261,9607.774580645126,5478.862032258055,4053.9161096774046
202305,답십리2동,야간,3184.0930655913976,6948.575318279575,7919.224261290324,6005.086288172039
202305,용신동,주간,3439.639007834093,14330.206572350247,15131.58394377882,12612.086328571419
202305,장안2동,주간,4994.262888940092,6113.09678894008,8233.650128110583,5573.985013824901
202305,회기동,주간,4620.936431797234,12549.125915668195,4661.185744700468,3152.9348497695814
202305,이문2동,주간,1766.7448774193592,2475.4351852534596,3263.0286470046044,2856.998586175116
202305,이문2동,야간,3044.2607956989323,4378.887110752688,5213.983595698921,3832.2792870967805
202305,전농1동,야간,3988.116001075267,10407.222478494601,8589.255908602156,6312.99326881718
202305,휘경1동,주간,1684.9531949308764,7014.35932534563,3829.749076958529,3252.907411520737
202305,용신동,야간,3507.0754559139828,15105.071006451572,11100.867145161277,8112.594037634416
202305,제기동,야간,4184.630513978497,12835.642829032256,8154.023853763447,7726.561918279577
202305,전농1동,주간,4843.344005990805,9417.688017050721,8832.78749308756,6927.141028110595
202305,전농2동,야간,3130.455476344085,4016.8942806451614,5082.809832258051,3829.6270612903118
202305,전농2동,주간,3862.137255760372,5032.153908294921,3967.911819354838,3137.6667658986325
202305,장안1동,야간,4624.207438709694,11692.592395698934,11241.35173225804,7494.672309677421
202305,장안2동,야간,5053.174866666654,7748.532661290358,9097.09478494623,5516.663159139789
202305,청량리동,야간,1720.647350537635,5617.977637634402,5423.267536559123,6003.771981720427
202305,청량리동,주간,2062.319599078341,5693.975875576042,6558.033817050675,7397.052900000019
202305,회기동,야간,2900.887770967743,10772.098438709685,3612.532250537637,3111.526924731183
202305,휘경1동,야간,1947.9090967741902,9117.073240860233,3995.2410301075347,2855.9314505376333
202305,이문1동,주간,4496.107919354829,15756.02283271895,5043.833776958518,3155.160186635953
202305,이문1동,야간,3437.586679569897,14342.806867741952,4765.7512580645225,3474.58466344087
202306,답십리2동,주간,2066.360319523809,4502.61070000002,5845.105615238101,4661.971488095226
202306,답십리2동,야간,3186.9941199999907,6870.26369333332,7821.0448955555075,5906.666088888892
202306,장안1동,주간,3345.2058233333414,10257.883094285717,11559.598908095251,7819.420305238096
202306,장안2동,주간,5394.599544285714,6254.176832380952,8199.43247904763,5584.922607142871
202306,청량리동,야간,1708.6016200000004,5594.894693333322,5400.128215555567,5892.297272222205
202306,청량리동,주간,1938.5897900000036,5724.42220333334,6512.811720476204,7324.236519999985
202306,휘경2동,주간,3423.1842247619056,6247.206344285713,4223.477781904748,3427.3404690476204
202306,전농1동,주간,4953.909731428556,9351.884479523815,8735.612056190465,6924.548856666687
202306,답십리1동,주간,3066.7590380952365,5128.126583809545,6228.1898695238,4531.709686666668
202306,용신동,주간,3464.0991919047665,14371.33017476196,15237.363113809482,12660.690418095199
202306,장안1동,야간,4602.450017777771,11796.838452222206,11212.041755555541,7487.536304444448
202306,휘경2동,야간,3271.0944799999966,9534.320470000008,5492.861955555568,4089.493805555568
202306,이문1동,주간,3908.5322776190474,14558.366061904699,4912.787491904758,3233.8506990476235
202306,이문2동,주간,1747.018675714285,2454.5716290476216,3162.402690952388,2776.9064671428605
202306,답십리1동,야간,4441.8167133333345,7485.670815555565,7877.946013333315,4875.81453777777
202306,제기동,주간,3698.046576666671,10806.480970952392,8995.082939999998,10153.462225238109
202306,용신동,야간,3424.6758844444425,14906.010832222166,10988.12324666667,8016.70395666666
202306,제기동,야간,4096.986416666665,12540.064569999995,8124.076109999998,7705.3384744444475
202306,전농2동,주간,3866.585617142846,4795.840546190471,3999.731117142833,3137.016395238092
202306,전농1동,야간,3944.3763533333345,10334.912331111122,8500.785754444447,6153.728707777794
202306,전농2동,야간,3249.703373333338,4106.462134444446,5132.2172144444385,3835.478700000005
202306,장안2동,야간,5143.01784999999,7939.827592222203,9171.436365555566,5516.352698888885
202306,회기동,야간,2760.8020266666736,10423.208873333337,3591.748536666668,3065.5606900000016
202306,회기동,주간,4464.073305238098,11750.257569047604,4626.274994761905,3087.3390490476113
202306,휘경1동,야간,1910.081090000003,8920.977101111112,3995.320645555565,2886.1472944444486
202306,휘경1동,주간,1612.4094361904758,7018.157827619024,3822.717647142851,3282.3569280952393
202306,이문1동,야간,3321.5153233333344,14076.109156666667,4776.636514444431,3577.1101055555664
202306,이문2동,야간,3054.673436666664,4393.475964444453,5194.452601111102,3800.3107222222156
202307,답십리2동,주간,2285.302514285716,4490.244248387108,5786.160510138242,4663.532139631324
202307,장안1동,주간,3600.4585414746507,10394.908045161299,11733.295990783343,7876.89132073736
202307,제기동,주간,3253.7118815668314,9322.173502304164,8768.793384331826,9767.258964055245
202307,답십리1동,주간,3412.1485488479316,5268.208630875574,6278.546581106007,4593.329309677426
202307,용신동,야간,3403.381420430094,14670.935908602127,11217.566777419326,8105.117961290319
202307,용신동,주간,3437.150728571418,14294.69342995397,15117.491902764983,12379.80943133636
202307,전농1동,주간,4767.612678341028,9105.76058847924,8845.989091244212,7045.260752534542
202307,제기동,야간,3626.0911462365507,11115.03660430105,8016.0063150537635,7716.671351612906
202307,전농1동,야간,3896.450925806455,10159.228731182775,8550.778488172033,6289.2542537634445
202307,전농2동,야간,3091.2069043010792,3923.3236838709527,5154.871834408611,3815.303158064519
202307,전농2동,주간,3065.1066350230426,3800.3370806451653,4045.214982949307,3197.656714285715
202307,답십리1동,야간,4487.781468817213,7683.594863440855,8073.296969892474,5019.231392473129
202307,답십리2동,야간,3072.827591397852,6676.7839161290385,7616.887679569906,5812.61816559139
202307,장안1동,야간,4636.956219354837,11744.394479569948,11263.5475107527,7384.351192473124
202307,장안2동,야간,5107.523437634417,8099.918970967746,9198.963462365557,5489.429391397839
202307,장안2동,주간,5377.736157142875,6475.2805788018495,8272.454983410158,5583.811767281092
202307,청량리동,주간,1907.731334562211,5639.152231797265,6502.90338940092,7358.773601843305
202307,청량리동,야간,1673.7440010752734,5390.852932258062,5371.4051139784815,5852.178219354836
202307,이문1동,주간,2626.6785608294963,10182.37397281107,4566.207323502299,3180.8549331797417
202307,회기동,야간,2242.129300000003,8241.036475268813,3548.222960215065,3066.410875268817
202307,회기동,주간,3019.3451949308756,8768.68388433178,4428.078881566829,3059.9237253456304
202307,휘경1동,야간,1753.9924075268848,7812.7100752688175,3936.820752688171,2878.500487096772
202307,휘경1동,주간,1595.0780009216573,6267.523315668193,3786.3597078341045,3273.612854838711
202307,이문1동,야간,2516.6855924731212,11194.633590322608,4598.57736989248,3474.4097849462373
202307,휘경2동,야간,2863.3087752688134,8440.570523655928,5432.411267741936,3981.5676075268843
202307,휘경2동,주간,2729.1027797235,5496.570161751178,4079.6858004608343,3332.3874755760285
202307,이문2동,주간,1879.8759548387036,2424.249851152074,3239.0020483870903,2807.5097419354893
202307,이문2동,야간,2890.481535483869,4223.457364516135,5235.564326881729,3714.142565591399
202308,답십리1동,주간,3304.219921198158,5183.3999262672705,6117.7761373271815,4552.750465898611
202308,용신동,주간,3373.544992626727,13961.432083870943,14863.685116589857,12150.182871428542
202308,용신동,야간,3347.5744215053764,14478.867149462343,11218.158721505402,8036.3814924731205
202308,답십리1동,야간,4244.372235483873,7435.222670967746,7709.516219354838,4792.792229032272
202308,제기동,주간,3121.1689317972423,8999.812958986222,8599.735403225784,9726.83436082951
202308,제기동,야간,3526.143099999997,10875.539024731186,7863.482063440875,7584.705821505377
202308,전농1동,주간,4643.039258064516,9204.25043732722,8961.250811981527,7063.422985253458
202308,전농1동,야간,3809.6204935483784,10482.478866666695,8708.58936451612,6347.434135483864
202308,전농2동,주간,3070.841342857144,3575.122205069126,3960.519981105989,3171.9354580645218
202308,전농2동,야간,3009.616726881725,3862.2238397849414,5017.095547311834,3750.463708602147
202308,답십리2동,주간,2230.292551612911,4394.07207142858,5660.342258525351,4608.333800921683
202308,답십리2동,야간,3123.313341935473,6626.019330107515,7492.21949784946,5751.085660215038
202308,장안1동,주간,3497.6763290322533,10117.879352073738,11530.854819354825,7794.463900000049
202308,장안1동,야간,4515.434279569886,11542.049156989282,11040.556621505375,7294.012087096756
202308,장안2동,주간,5466.799867741955,6408.566334562207,8224.18791428569,5574.192085714285
202308,장안2동,야간,5152.974495698939,8077.119554838727,9246.048418279566,5435.714675268829
202308,청량리동,야간,1635.4976645161305,5483.549843010761,5462.447613978488,5888.508596774188
202308,청량리동,주간,1800.9292571428625,5635.004582488453,6502.545435483878,7345.121072811076
202308,이문2동,주간,1834.1137705069136,2336.707383870965,3172.0074709677415,2715.4162654377947
202308,회기동,주간,2874.142480645157,8756.23120599076,4418.75408064517,3034.6549539170505
202308,회기동,야간,2140.6868268817266,8157.806783870973,3445.808627956985,2925.597809677414
202308,휘경1동,주간,1605.9836456221176,6308.875527188959,3760.826500460827,3192.246147004608
202308,휘경1동,야간,1691.3377709677404,7700.043112903236,3837.9051225806365,2787.5730677419324
202308,이문1동,주간,2576.704196313374,9897.033240092147,4501.731149308757,3085.476184792623
202308,휘경2동,주간,2660.212008755761,5419.903934562216,4191.71521843317,3385.5780949308805
202308,휘경2동,야간,2786.496350537631,8207.892727957029,5479.189120430106,4018.696089247332
202308,이문1동,야간,2498.6238666666713,11092.401181720423,4564.348304301072,3409.1207569892435
202308,이문2동,야간,2791.4786064516106,4084.57058387096,5143.294287096792,3641.3547172043004
202309,용신동,야간,3471.3919933333327,14969.605897777794,11216.148459999962,8127.896965555551
202309,제기동,야간,4036.460604444446,12251.811248888882,7939.075850000006,7662.656334444452
202309,전농1동,야간,4200.653877777774,11121.339942222237,9132.07507888886,6577.726886666656
202309,전농2동,야간,3098.212600000001,3970.3486133333195,5034.68210111112,3791.1545544444452
202309,답십리1동,야간,4054.2778666666795,7130.257760000012,7504.896225555545,4696.814755555551
202309,답십리2동,야간,3134.4896388888897,6649.298902222225,7589.424686666668,5835.142662222217
202309,장안1동,야간,4456.299987777759,11494.960488888886,11200.355599999966,7494.260756666675
202309,장안2동,야간,5341.829402222218,8183.299287777761,9494.370559999994,5596.60082
202309,청량리동,야간,1725.5811422222207,5809.136345555555,5543.789977777792,5984.965032222233
202309,회기동,야간,2548.9726844444476,10030.739513333323,3440.284768888885,2981.206634444445
202309,휘경1동,야간,1811.2189422222234,8627.53046444445,3762.04915444444,2793.1341444444474
202309,휘경2동,야간,3089.2159766666646,8788.877866666682,5596.639803333345,4089.390966666662
202309,이문1동,야간,3060.111635555553,13590.857244444436,4664.699987777789,3455.2519144444445
202309,이문2동,야간,2881.6279111111057,4199.75397444444,5143.840920000011,3630.960766666667
202309,용신동,주간,3604.923362857141,13969.610401904732,14928.81160714279,12632.388284285724
202309,제기동,주간,3749.8982747619098,10918.660074285668,9218.392725714279,10699.208326190474
202309,전농1동,주간,5179.73446142859,9799.154291428556,9033.697468095217,7153.531378095207
202309,전농2동,주간,3720.899999523829,4723.978127142865,4107.801451428552,3198.357190476186
202309,답십리1동,주간,3006.275615714291,5019.863545714279,6052.982395714288,4405.1592623809565
202309,답십리2동,주간,1989.7198914285761,4423.519736190456,5692.189299047628,4612.6826380952525
202309,장안1동,주간,3278.2151276190516,9789.40124047618,11460.00939666668,7734.649751428554
202309,장안2동,주간,5550.494729047648,6372.886115238092,8406.97950857141,5655.71343904761
202309,청량리동,주간,1932.2470595238065,5884.844650476173,6615.52976333332,7611.8708304761985
202309,회기동,주간,4121.420811904771,11498.888117142895,4485.801850952379,3030.6034495238214
202309,휘경1동,주간,1576.9890880952405,6893.093426190476,3846.0375790476196,3289.513797619036
202309,휘경2동,주간,3113.616018571424,5747.187642857157,4358.956964761918,3482.8818319047705
202309,이문1동,주간,3718.0589209523737,14570.380380476245,4824.7817042856905,3193.238869523804
202309,이문2동,주간,1771.2739776190429,2317.311816666666,3206.8891528571285,2701.105194285718
202310,용신동,야간,3633.6633967741723,15016.84796129033,11330.58735053763,8102.216467741938
202310,제기동,야간,3956.788224731172,12243.609751612936,7821.601660215049,7486.720050537636
202310,전농1동,야간,4190.085797849467,11279.286436559174,9197.507295698926,6564.578172042994
202310,전농2동,야간,3075.4601935483884,4015.099962365582,4954.899949462363,3750.998191397832
202310,답십리1동,야간,4145.317330107522,7178.9044924731525,7665.635615053753,4678.823718279575
202310,답십리2동,야간,3089.7291344086048,6537.445872043004,7555.695425806451,5712.986988172051
202310,장안1동,야간,4326.203684946231,11505.564551612888,11197.04941505375,7404.592263440899
202310,장안2동,야간,5433.214378494626,8352.230751612888,9519.352546236543,5580.136676344065
202310,청량리동,야간,1737.7726053763452,5772.1545215053875,5482.231953763433,5939.625222580648
202310,회기동,야간,2564.952301075268,10161.1340451613,3400.636695698928,2952.4780483870945
202310,휘경1동,야간,1746.7390655913996,8652.56087849461,3701.2224892473077,2694.2100150537626
202310,휘경2동,야간,2976.203989247311,8839.769102150529,5570.826149462363,4041.8943623655923
202310,이문1동,야간,3012.6398924731275,13955.664976344082,4713.832704301075,3440.8584849462345
202310,이문2동,야간,2801.4633268817265,4092.680765591406,5098.739522580638,3600.765334408606
202310,용신동,주간,3642.2172843317967,13970.476457603652,14750.312444239678,12362.784962672828
202310,제기동,주간,3751.4927894009206,10893.419047465404,8819.197823963119,10055.074625345665
202310,전농1동,주간,4994.212770967727,9919.610647465433,8965.570360368716,7000.791737788028
202310,전농2동,주간,3654.8453741935505,4809.728551152067,4060.144685714309,3145.9748262672897
202310,답십리1동,주간,3097.7417907834038,5096.0943502304135,6084.026485253444,4301.191222119837
202310,답십리2동,주간,2021.2348903225848,4357.98319493088,5593.8228806451425,4356.961406912471
202310,장안1동,주간,3257.3548267281003,9894.74711843318,11434.643380184347,7576.349622119809
202310,장안2동,주간,5676.723789861726,6452.953570967743,8327.915930875568,5506.196544239651
202310,청량리동,주간,1881.8933543778767,5811.057969124416,6494.298274193558,7531.066997235036
202310,회기동,주간,3890.9876930875566,11601.733961751208,4398.106837788029,2945.2551396313224
202310,휘경1동,주간,1558.7077322580685,6996.001177880214,3805.7290244239634,3274.2090405529993
202310,휘경2동,주간,2989.829371428573,5818.573017050689,4288.6387838709725,3435.390931797218
202310,이문1동,주간,3517.085571428572,14897.867740552983,4858.463384331799,3152.534525806452
202310,이문2동,주간,1747.4259622119785,2303.249080184332,3114.7385202764895,2617.8723285714373
202311,용신동,야간,3791.8569233333333,15356.80954333333,11646.75283777778,8317.825334444437
202311,제기동,야간,3922.1530533333275,12569.844905555548,8014.900627777792,7514.91901888888
202311,전농1동,야간,4192.872331111102,11532.2116088889,9383.551626666651,6695.053192222237
202311,전농2동,야간,3021.202119999994,4077.5094144444465,5007.74623444444,3780.9330000000123
202311,답십리1동,야간,4345.347101111119,7582.860423333335,8101.126196666678,4846.59541555555
202311,답십리2동,야간,3147.4648666666635,6623.959033333341,7764.342498888898,5839.109094444465
202311,장안1동,야간,4304.844473333336,11621.620197777787,11414.094037777817,7531.79403222222
202311,장안2동,야간,5552.431276666671,8585.765841111099,9923.143338888887,5787.876535555556
202311,청량리동,야간,1823.6985000000006,5989.313012222218,5708.18780222223,6015.35499555555
202311,회기동,야간,2646.565677777778,10515.440466666676,3515.7338444444395,3076.0158188888895
202311,휘경1동,야간,1869.9019611111123,9092.991746666667,3857.334346666666,2770.6179155555533
202311,휘경2동,야간,3012.962334444446,9157.096087777794,5734.582493333338,4093.1051344444427
202311,이문1동,야간,2977.364552222211,14578.491738888879,4794.833091111121,3504.0874844444425
202311,이문2동,야간,2880.7409577777726,4272.921570000003,5213.932276666658,3624.899059999998
202311,용신동,주간,3781.267442857138,14341.510766190437,15366.85705714283,12612.183522857145
202311,제기동,주간,3838.824344285729,10988.835791904805,8948.959967142868,9951.763331428601
202311,전농1동,주간,5100.223609999996,9811.585785714302,8908.53142714283,7012.603211904738
202311,전농2동,주간,3821.0113147619,4930.187953333328,4106.246845714277,3216.5376842857186
202311,답십리1동,주간,3257.7781114285654,5187.735007619027,6282.870882857149,4469.563071904763
202311,답십리2동,주간,1993.593843333326,4288.905825238099,5634.972090476195,4543.473950000005
202311,장안1동,주간,3265.515325714275,10051.859337619038,11700.738861904736,7744.416272380942
202311,장안2동,주간,5738.158004761925,6438.4135857142965,8496.524643809547,5698.883943333344
202311,청량리동,주간,1990.4253823809522,6095.9431652381045,6699.451723809537,7579.827090000004
202311,회기동,주간,4278.726461904773,12305.278619999977,4729.3125485714145,3074.002353333331
202311,휘경1동,주간,1615.4072495238124,7083.441109523812,3897.489643809529,3284.8872080952524
202311,휘경2동,주간,3160.309710476195,5945.924368095236,4288.698399047601,3440.387656666651
202311,이문1동,주간,3813.816902380935,15920.62217619045,5196.416550952373,3235.500003333333
202311,이문2동,주간,1791.578486190474,2326.817181904758,3176.2516138095248,2665.487462380951
202312,용신동,야간,3791.724283870956,15264.765143010738,11847.53103440863,8424.006394623639
202312,제기동,야간,3933.4926354838703,12384.185529032251,8149.385262365607,7553.923183870959
202312,전농1동,야간,4345.401356989248,11865.5538064516,10059.399793548411,6977.256649462349
202312,전농2동,야간,2977.6409430107556,4119.478581720438,5030.161865591389,3770.983955913978
202312,답십리1동,야간,4159.13327849462,7562.901864516123,8174.393217204325,4885.6999935483755
202312,답십리2동,야간,3243.8958827957063,6697.3215172043065,8006.38102258066,6038.534962365585
202312,장안1동,야간,4426.529137634402,11775.858236559185,11852.629562365602,7696.819663440827
202312,장안2동,야간,5598.2792365591495,8702.361723655895,10197.290731182778,5899.703659139785
202312,청량리동,야간,1868.9955236559078,6101.001799999995,5870.58452795699,6186.3869182795825
202312,회기동,야간,2596.033897849466,10204.688131182764,3628.568135483872,3118.7400118279616
202312,휘경1동,야간,1810.805874193543,8791.601858064503,3882.4950225806374,2822.105158064515
202312,휘경2동,야간,3012.047662365588,9031.089289247313,5910.167696774194,4207.98394623655
202312,이문1동,야간,2814.3360849462442,14103.880164516171,4894.449958064516,3605.580982795703
202312,이문2동,야간,2799.550192473118,4132.316892473123,5094.806408602157,3509.9972623655854
202312,용신동,주간,3821.0590801843323,14519.239199539132,15269.917687096788,12695.197532718947
202312,제기동,주간,3694.6799635944553,10750.51890506916,8869.253019815676,9755.189237327204
202312,전농1동,주간,5124.345439631363,10558.348832718912,9775.089329953926,7596.411317972345
202312,전농2동,주간,3403.3326442396196,4656.026524884781,4196.446147004603,3309.599562211976
202312,답십리1동,주간,3318.8201018433256,5437.408804608303,6458.998649769592,4608.376005069119
202312,답십리2동,주간,2184.9248963133564,4562.4686428571595,5870.817346082959,4705.168095852527
202312,장안1동,주간,3453.357760829481,10203.696744700417,11845.39618755761,7862.725200460811
202312,장안2동,주간,5790.722349308738,6786.715488018395,8863.881273271889,5837.8420322580505
202312,청량리동,주간,2037.708514285708,6193.238899539172,6782.613855299528,7749.634268663571
202312,회기동,주간,3608.242860829484,11394.64125023046,4544.574898156685,3050.6437695852514
202312,휘경1동,주간,1692.144936866364,7346.880188940083,3977.5502534562097,3365.363626267278
202312,휘경2동,주간,2896.6263023041633,5887.862698617514,4417.90509953918,3480.3218861751125
202312,이문1동,주간,3236.334829953918,14423.75430184339,4961.129511981584,3334.8746479262654
202312,이문2동,주간,1766.8994585253429,2471.2782723502255,3199.0869290322476,2671.678838709672
202401,용신동,야간,3706.28787096775,14441.38982258067,11787.517732258062,8628.95209354836
202401,제기동,야간,3522.548677419354,10738.67880107528,8065.12969784948,7748.651647311792
202401,전농1동,야간,4319.06258602152,10979.90958602149,9937.870105376356,6963.516946236558
202401,전농2동,야간,2646.5236247311773,3855.4576720430123,4820.489329032244,3738.4133440860237
202401,답십리1동,야간,3869.2989720430155,7262.361625806457,7959.669184946255,4896.329303225819
202401,답십리2동,야간,3103.1324440860276,6643.596167741932,7912.893082795733,5931.787774193564
202401,장안1동,야간,4430.77533655914,11696.864605376317,11893.810494623629,7900.464555914002
202401,장안2동,야간,5638.959973118271,8480.570910752689,10040.796952688148,6043.379194623649
202401,청량리동,야간,1786.6625860215088,5625.901678494617,5683.599879569905,6128.414372043011
202401,회기동,야간,2139.2615053763434,7545.163537634392,3438.823293548383,3141.6633322580633
202401,휘경1동,야간,1668.3659956989277,7271.147181720441,3789.609145161299,2772.2787623655913
202401,휘경2동,야간,2745.8071591397816,8010.941040860209,5869.590604301077,4259.550627956985
202401,이문1동,야간,2296.785644086011,10958.77361720433,4701.909246236554,3613.5273817204343
202401,이문2동,야간,2555.771207526886,3930.8184204301083,4978.426937634409,3457.0190967741905
202401,용신동,주간,3759.1650101382634,14025.124309216584,15161.031751612843,12833.464685253504
202401,제기동,주간,3240.2396728110725,9228.131791244228,8735.27150230413,10219.014172811036
202401,전농1동,주간,4606.681834562214,9388.579816589854,9313.26852304146,7364.917213824847
202401,전농2동,주간,2690.9078483870967,3766.86859170508,3969.569032718888,3249.344611520736
202401,답십리1동,주간,3572.7062751152066,5353.958899539177,6381.602138709655,4670.437460368667
202401,답십리2동,주간,2592.2449912442357,4628.502698617523,5960.26651198157,4816.061180184325
202401,장안1동,주간,3884.383492165908,10366.821829493101,12024.720020737357,8174.835930414775
202401,장안2동,주간,6103.943623963141,6742.925082027635,8697.35599078343,5917.734675115194
202401,청량리동,주간,1869.390927188944,5915.284895391737,6585.467953917046,7811.414634562197
202401,회기동,주간,2174.090609677424,8102.416800921679,4221.020681105987,3091.542447926262
202401,휘경1동,주간,1671.7699299539163,6197.530373732708,3786.533740552987,3315.267193087552
202401,휘경2동,주간,2363.235975115207,5345.341214285717,4309.125306451619,3564.148407373285
202401,이문1동,주간,2427.1554506912394,10269.586527649735,4677.716181566807,3340.383269585253
202401,이문2동,주간,1994.2231658986204,2381.6126211981536,3133.978297695863,2631.7468078341044
202402,용신동,야간,3575.655242528734,13992.701324137905,11324.493927586178,8150.982281609198
202402,제기동,야간,3493.5321965517232,10499.113497701168,7886.591380459784,7411.641920689674
202402,전농1동,야간,4166.080585057459,10910.257313793072,9602.380575862042,6830.107074712646
202402,전농2동,야간,2823.954013793105,3940.63577701149,4979.452768965517,3812.0336620689527
202402,답십리1동,야간,3625.2533183907976,6939.535810344799,7620.300831034477,4635.427994252876
202402,답십리2동,야간,3245.4637839080497,6674.242531034473,7852.213739080461,5875.129233333332
202402,장안1동,야간,4384.20576206896,11516.124388505743,11301.90697931036,7435.3586068965815
202402,장안2동,야간,5619.718422988499,8590.844694252864,10029.63750459768,5889.262072413795
202402,청량리동,야간,1819.523759770116,5631.659019540234,5694.625520689653,6021.8778344827415
202402,회기동,야간,2059.1166942528757,6940.940126436778,3298.4379206896556,2900.4083597701115
202402,휘경1동,야간,1655.7341678160908,7122.195254022979,3743.285262068964,2744.5934356321845
202402,휘경2동,야간,2539.408786206898,7676.419159770104,5564.810897701152,4069.9556310344747
202402,이문1동,야간,2203.949837931034,10517.195277011506,4690.869304597713,3564.9694448275973
202402,이문2동,야간,2605.1817551724093,3869.4058781609183,5038.2568574712595,3473.1897758620594
202402,용신동,주간,3867.7191512315267,13815.075223152744,14925.29521379304,12476.529277339914
202402,제기동,주간,3307.944837438425,9266.258729064079,8880.966522167491,10011.823089655145
202402,전농1동,주간,4581.264495073913,9309.320197044373,9192.584859605897,7207.662768965479
202402,전농2동,주간,2764.2511674876905,3709.6879620689856,4115.7261497537065,3291.724083251242
202402,답십리1동,주간,3473.4260802955764,5180.6790413792905,6300.9219167487745,4528.614749261082
202402,답십리2동,주간,2634.215241379311,4466.406564532005,5849.234706403934,4669.814919211814
202402,장안1동,주간,3759.566071921205,10180.042466009838,11626.52556256156,7828.425543349795
202402,장안2동,주간,6018.048760098501,6808.511709359634,8786.050734482773,5954.086370935961
202402,청량리동,주간,1932.5839226601013,6062.955414285718,6756.884689655178,7704.037034482749
202402,회기동,주간,2329.214327093593,7615.314072906402,4261.727693596072,2930.5717862069027
202402,휘경1동,주간,1729.4567532019694,6014.836314778328,3821.796297044344,3213.809479802956
202402,휘경2동,주간,2137.149919211822,5074.486395073886,4178.677459605912,3438.7543536945846
202402,이문1동,주간,2473.6110059113257,9416.198910837456,4835.403620197051,3318.683685714274
202402,이문2동,주간,1928.4893793103436,2362.0173093595977,3274.2044600985237,2677.7951665024593
202403,용신동,야간,4067.763611827961,15550.000715053733,11871.636361290317,8412.21523548386
202403,제기동,야간,4042.901531182792,12277.98056344085,7663.879824731197,7183.30857849461
202403,전농1동,야간,4544.436987096775,11823.728617204339,9806.66916666669,6913.546776344075
202403,전농2동,야간,2936.8141010752765,4043.237813978503,4975.168498924725,3722.397795698928
202403,답십리1동,야간,3738.1798677419397,6992.596344086013,7570.555348387096,4609.580675268812
202403,답십리2동,야간,3254.6554225806485,6799.932686021492,8014.786139784964,5931.386424731175
202403,장안1동,야간,4353.89102150538,11628.072210752709,11247.885870967744,7378.80366021506
202403,장안2동,야간,5585.300566666675,8586.338440860223,10013.83345806451,5876.848705376348
202403,청량리동,야간,1883.6313763440894,6075.067986021491,5619.691954838709,5992.53494731184
202403,회기동,야간,2777.846391397846,9415.386704301081,3321.5523107526838,2816.960800000001
202403,휘경1동,야간,2040.5878731182777,8879.439293548401,3739.4324989247248,2763.5757612903217
202403,휘경2동,야간,3231.493854838707,9023.837396774166,5620.4677419354875,4040.7974150537643
202403,이문1동,야간,3450.832643010756,13971.622392473071,4842.7147010752715,3583.056938709671
202403,이문2동,야간,2635.3373634408567,3997.2075709677424,4872.9823924731145,3400.0816569892445
202403,용신동,주간,3893.7878239631455,14575.793450230427,15446.230948847977,13091.127620276437
202403,제기동,주간,4082.554707834109,11130.26188525355,8892.199805529943,9860.755929493063
202403,전농1동,주간,5609.544964516084,10171.328528110596,9361.855555760405,7243.087395391735
202403,전농2동,주간,3740.9995543778764,4946.716229032249,4054.0965557603586,3129.0874658986168
202403,답십리1동,주간,3036.8248115207357,5232.554424423965,6278.791065898607,4439.316628110608
202403,답십리2동,주간,1875.0098695852469,4415.289500000015,5819.331224884802,4545.694209216597
202403,장안1동,주간,3374.0506774193395,10232.643412903208,11835.964534101391,7918.806981566793
202403,장안2동,주간,5692.626541935495,6596.079435023073,8745.576294470093,5809.574742396298
202403,청량리동,주간,2002.1021147465406,6428.137665437795,6953.318698617499,7829.337970506895
202403,회기동,주간,4681.649827649757,11181.528178340994,4466.955784331793,2796.8261262672813
202403,휘경1동,주간,1741.5100184331784,6962.8221999999805,3755.5234046082937,3252.4801271889432
202403,휘경2동,주간,3418.910511520751,5685.372272811051,4145.132206912442,3320.2654815668125
202403,이문1동,주간,4690.659403686642,15247.24860460829,5250.816833179716,3280.543025345608
202403,이문2동,주간,1643.0901096774176,2339.5891917050694,3128.035152534578,2548.723801382486
202404,용신동,야간,4223.807874444433,16254.83134555549,12218.986986666656,8576.549766666643
202404,제기동,야간,3921.362432222227,12186.573480000006,7311.434999999995,6897.780112222242
202404,전농1동,야간,4606.373532222226,11813.703145555535,9727.549046666658,6771.959395555554
202404,전농2동,야간,2998.336011111111,4209.441595555546,5009.561834444438,3722.660784444446
202404,답십리1동,야간,3814.4312444444445,7273.531626666677,7609.799193333337,4666.401719999998
202404,답십리2동,야간,3248.017778888885,6842.262797777774,8010.547412222227,5890.933825555556
202404,장안1동,야간,4261.345314444438,11220.162576666711,10784.349444444402,6986.736582222217
202404,장안2동,야간,5432.864561111098,8146.979368888907,9732.575271111155,5705.225552222211
202404,청량리동,야간,1885.6344355555586,6154.927303333322,5663.729654444452,5940.137917777789
202404,회기동,야간,2782.1683033333356,9786.177392222231,3330.8201799999993,2839.673005555553
202404,휘경1동,야간,2123.8221544444464,9084.350417777763,3958.4676955555537,2908.6667344444463
202404,휘경2동,야간,3102.501907777773,8903.626066666666,5243.3691522222225,3776.7270966666724
202404,이문1동,야간,3349.205396666659,13981.704933333303,4607.0283877777965,3312.8737722222213
202404,이문2동,야간,2697.2346155555556,3972.806774444447,4926.2606077777755,3429.203672222217
202404,용신동,주간,3934.2815133333183,14639.382235714325,15472.02635857141,12660.761530000016
202404,제기동,주간,4096.674166666659,11140.667149523793,8703.493498571448,9812.461286190457
202404,전농1동,주간,5637.881520952402,9873.661457619031,8939.61392047619,6896.099524761897
202404,전농2동,주간,3611.481908571427,5154.158420952406,3931.825098571422,3042.8513228571496
202404,답십리1동,주간,3088.1233319047583,5318.9638357142685,6321.283386190474,4426.6880400000055
202404,답십리2동,주간,1839.136484285715,4317.195769523796,5586.586115714282,4325.150108571423
202404,장안1동,주간,3259.3672447619106,9945.851674761909,11522.785852857149,7525.569327619058
202404,장안2동,주간,5637.022608095217,6242.701383809524,8433.239708571422,5513.609921904751
202404,청량리동,주간,1878.6067590476146,6416.355156190467,6851.200440000005,7619.772259523844
202404,회기동,주간,4661.163654285711,11439.33371904763,4501.289570952381,2839.390954761907
202404,휘경1동,주간,1718.4470804761902,6877.161769523821,3739.819773809532,3197.782280952389
202404,휘경2동,주간,3367.1603980952427,5587.01953809522,3956.837681904754,3068.159096190467
202404,이문1동,주간,4507.286327619046,15372.15421428571,4992.911878571426,3007.76939619048
202404,이문2동,주간,1614.9223704761857,2235.6120090476084,2984.7758280952453,2488.8722642857056
202405,용신동,야간,4063.7492505376194,15683.056070967692,11674.95274086022,8341.68187204301
202405,제기동,야간,3821.886597849452,12605.872372043028,7672.630562365604,7222.951895698919
202405,전농1동,야간,4637.455691397848,11844.599423655918,9729.452277419352,6843.143678494627
202405,전농2동,야간,2848.4964731182768,3983.7412397849494,4726.254201075262,3525.738389247313
202405,답십리1동,야간,4115.7982752688185,7670.897520430105,8043.569972042999,4931.67835161291
202405,답십리2동,야간,3071.8592870967746,6488.3973548387185,7635.9709408601875,5696.955645161289
202405,장안1동,야간,4362.655653763438,11844.837855913938,11161.541804301089,7225.733359139786
202405,장안2동,야간,5342.569692473117,7938.225024731187,9612.940855914005,5558.651033333343
202405,청량리동,야간,1762.2134795698912,5988.0052516128935,5487.869639784945,5869.5641634408485
202405,회기동,야간,2566.4182344086034,9617.632327956979,3160.705688172045,2727.1737032258093
202405,휘경1동,야간,2044.002445161288,8705.504047311819,3850.686504301076,2860.013309677425
202405,휘경2동,야간,2942.0026881720582,8743.312479569902,5061.689454838716,3729.360673118293
202405,이문1동,야간,3077.121445161296,13899.84806774189,4420.035422580645,3210.901923655911
202405,이문2동,야간,2682.120183870968,4102.927580645161,5064.951302150542,3560.9015311828043
202405,용신동,주간,3802.738317972344,14537.022127649763,15071.840198617532,12456.26845437782
202405,제기동,주간,3924.497653917053,11360.197423041473,8868.895216129049,10005.078320276483
202405,전농1동,주간,5702.910919354836,10011.395541013775,9085.066512903246,7011.445641013825
202405,전농2동,주간,3228.5596986175105,4885.553521198146,3807.6693046082896,3013.7562354838797
202405,답십리1동,주간,3204.1785345622134,5468.038264055286,6458.163206451618,4568.053407834082
202405,답십리2동,주간,1734.750179262675,4247.194553456225,5509.134834562184,4253.9893465438045
202405,장안1동,주간,3380.9158935483933,10077.43379170513,11587.985730414757,7694.523832718902
202405,장안2동,주간,5331.317317511517,6136.72879400925,8309.120006912406,5413.761250230417
202405,청량리동,주간,1797.5518087557543,6330.558026267313,6842.8706184331795,7540.410320737304
202405,회기동,주간,4498.822204147459,11268.456222119794,4257.062339631338,2736.4047400921713
202405,휘경1동,주간,1751.4850543778844,6864.229395391689,3742.343134562215,3247.479427649767
202405,휘경2동,주간,3172.9733921658867,5589.391429032278,3816.0993889400925,3048.7625976958625
202405,이문1동,주간,4261.687048387105,15182.52855576041,4939.106176036891,3001.056901382496
202405,이문2동,주간,1641.540874193554,2312.773030414751,3174.753762211983,2713.1106847926253
202406,용신동,야간,4047.0094222222237,15621.379714444449,11736.185815555582,8262.260274444467
202406,제기동,야간,3806.263381111123,12591.979763333366,7915.680133333324,7287.2952833333175
202406,전농1동,야간,4349.419708888895,11715.136772222198,9589.227234444452,6653.815828888887
202406,전농2동,야간,2859.1282766666645,4018.7943422222265,4681.084277777788,3461.280512222215
202406,답십리1동,야간,4291.977735555551,7862.266048888864,8228.208723333335,4970.143694444437
202406,답십리2동,야간,2969.206291111113,6319.978672222219,7394.559654444463,5410.816974444453
202406,장안1동,야간,4397.6417588888935,11855.876627777812,11312.965062222209,7198.290532222215
202406,장안2동,야간,5318.155386666669,7874.006283333325,9595.61563,5489.968446666663
202406,청량리동,야간,1758.4326244444426,5828.668234444423,5329.02423888889,5644.2938877777715
202406,회기동,야간,2412.1071611111147,9249.445483333315,3191.4636066666576,2662.5720033333337
202406,휘경1동,야간,2004.294123333335,8737.042086666652,3856.7358633333315,2839.6905822222257
202406,휘경2동,야간,2887.214686666668,8440.57914666668,5033.518762222208,3621.7562166666794
202406,이문1동,야간,2811.507648888894,13566.352135555571,4434.287653333334,3194.126604444444
202406,이문2동,야간,2771.794075555552,4128.837457777773,5085.491761111108,3522.645642222217
202406,용신동,주간,3725.367489999993,14602.041106666704,14873.287526666709,12179.092556666688
202406,제기동,주간,3790.8168695238082,11335.270781904765,9122.030275238058,9985.995599523809
202406,전농1동,주간,5377.4272638095135,10367.770455714286,9318.947940952343,7136.656290476218
202406,전농2동,주간,3207.15954476191,4590.523482380937,3764.436654285719,2941.4873023809478
202406,답십리1동,주간,3445.801137619051,5639.416603333345,6619.392092380946,4640.447832857144
202406,답십리2동,주간,1800.6371899999979,4240.925184761912,5464.608024285731,4174.81483142856
202406,장안1동,주간,3327.3310066666563,10157.143537142902,11653.420657619072,7618.132136666633
202406,장안2동,주간,5625.774217619045,6212.292301904746,8385.31609714287,5396.854299047628
202406,청량리동,주간,1754.0886680952433,6101.425648571427,6511.031466666654,7186.008773809515
202406,회기동,주간,3956.0179019047673,10436.876983333359,4213.727121428563,2702.100187142852
202406,휘경1동,주간,1913.4166166666673,7228.364088571411,3888.421029523805,3322.981581904759
202406,휘경2동,주간,3026.058515238104,5236.177464285721,3699.6203014285697,2888.9663195238104
202406,이문1동,주간,3563.5991680952393,13726.66328761896,4739.574862380957,2967.0180323809427
202406,이문2동,주간,1717.8561433333339,2349.4862385714296,3209.0441366666796,2624.0647576190536
202407,용신동,야간,3814.5456010752637,15265.217333333363,11738.243973118231,8441.331163440858
202407,제기동,야간,3319.2970010752783,11144.348656989278,7931.819438709671,7323.136024731211
202407,전농1동,야간,4230.827080645168,11627.669318279519,9855.323017204313,6860.1339494623635
202407,전농2동,야간,2837.836356989252,3888.7371645161243,4708.802065591403,3520.9089387096724
202407,답십리1동,야간,4160.051379569891,7803.612772043022,8163.423056989256,5002.863439784937
202407,답십리2동,야간,2942.5182741935405,6240.976516129033,7304.581520430073,5436.228930107524
202407,장안1동,야간,4311.090888172044,11751.652864516152,11334.553743010789,7253.368698924732
202407,장안2동,야간,5223.992244086033,7995.478034408591,9694.583143010786,5594.1162946236645
202407,청량리동,야간,1671.8123892473084,5608.498094623662,5294.553158064513,5624.1947161290345
202407,회기동,야간,2053.2870731182797,7595.884363440869,3205.3715591397863,2729.029954838706
202407,휘경1동,야간,1766.3507301075315,7673.958233333339,3845.4288354838704,2861.6093537634447
202407,휘경2동,야간,2611.592610752684,7851.192586021509,5022.978445161294,3628.5643182795775
202407,이문1동,야간,2097.3092849462355,11209.231618279557,4328.712081720439,3222.87191182797
202407,이문2동,야간,2733.9498591397855,4051.1704870967733,5093.767113978488,3618.7757827957
202407,용신동,주간,3607.5683368663645,14491.455595852545,15135.202791244266,12082.502762672795
202407,제기동,주간,3223.4351788018507,9919.737877880165,9006.355888940074,9800.665996313326
202407,전농1동,주간,5178.99766313366,9959.75705576036,9529.755869585248,7489.001017972404
202407,전농2동,주간,2819.37950552996,3722.8132691244423,3725.1903055299704,2985.549053456221
202407,답십리1동,주간,3492.1078105990778,5518.375681105987,6484.678352534552,4751.667705069114
202407,답십리2동,주간,1958.918652534566,4080.807315207369,5331.562462672824,4233.509317050674
202407,장안1동,주간,3550.251914285721,10196.596120276547,11855.293770046124,7820.75722995392
202407,장안2동,주간,5429.303085714267,6267.117262211965,8453.565627188946,5606.096605990781
202407,청량리동,주간,1714.337570046091,5885.812757142835,6391.491954838721,7103.373151612883
202407,회기동,주간,3078.769709677413,8318.279925806442,4283.826941474659,2834.5209986175055
202407,휘경1동,주간,1748.0848963133706,6365.864399999993,3791.383497235019,3300.2130456221216
202407,휘경2동,주간,2664.0178769585254,4806.369799999994,3575.9250654377747,2874.798290783416
202407,이문1동,주간,2349.835703225806,10110.762889861724,4548.010400921666,3007.203911981566
202407,이문2동,주간,1767.7104571428576,2303.512685253451,3126.968057142861,2733.8170589861707
202408,용신동,야간,3447.6855075268795,14571.01446881722,11191.72085376345,8124.210223655904
202408,제기동,야간,3392.996406451608,10910.075897849458,7915.491394623644,7437.56224946235
202408,전농1동,야간,4278.755347311823,11655.649263440873,9865.50644193545,6871.436944086006
202408,전농2동,야간,2809.797787096784,3796.6858473118227,4701.657091397854,3585.366047311835
202408,답십리1동,야간,4244.216318279569,7763.845674193574,8041.490370967727,4931.8617913978405
202408,답십리2동,야간,2912.0192763440814,6171.094749462361,7356.632158064512,5532.804244086016
202408,장안1동,야간,4382.692448387076,11469.282611827983,11134.311966666675,7145.825793548397
202408,장안2동,야간,5100.257068817207,7977.665653763449,9450.874632258072,5418.343717204319
202408,청량리동,야간,1530.067594623656,5290.233630107537,5049.416737634405,5328.461517204297
202408,회기동,야간,1945.6545451612883,7340.477156989247,3100.853632258058,2689.3683903225838
202408,휘경1동,야간,1703.4555182795682,7641.495286021505,3872.7267892473114,2902.739794623663
202408,휘경2동,야간,2554.164527956989,7730.549945161307,5028.362834408597,3662.232749462373
202408,이문1동,야간,1973.9262784946231,10908.260489247323,4250.867874193547,3132.4012827956926
202408,이문2동,야간,2679.26689247312,4061.6932720430104,5087.866792473128,3654.1722655913927
202408,용신동,주간,3357.078018433188,13806.699279723518,14013.056099539195,11426.25685622123
202408,제기동,주간,3151.7778580645127,9711.308200460815,8935.345598156679,9801.661550230367
202408,전농1동,주간,5071.475067281105,10195.68286543781,9747.597520737365,7592.360180184332
202408,전농2동,주간,2775.5440050691273,3484.263896313368,3752.9030926267365,3046.9234470046054
202408,답십리1동,주간,3376.0742769585368,5527.1371479262825,6387.301528110588,4603.1756691244345
202408,답십리2동,주간,1970.5170778801744,4169.054397695838,5397.889205069111,4295.68888018433
202408,장안1동,주간,3559.5972603686528,9923.959519815675,11528.081382027629,7727.313590783432
202408,장안2동,주간,5396.203358064484,6260.848292165936,8358.581937327182,5491.853892165853
202408,청량리동,주간,1620.0928410138204,5624.336099078338,6090.43483410136,6836.1202746543595
202408,회기동,주간,2673.8666119815744,8202.334230875587,4138.842761290319,2789.952954838708
202408,휘경1동,주간,1709.9718594470075,6410.231420737319,3765.727520276498,3354.076502304143
202408,휘경2동,주간,2503.325443778803,4999.6113032258045,3763.289864055304,3005.6463253456127
202408,이문1동,주간,2262.279780184333,9751.989848387084,4576.489929953898,2982.103978801842
202408,이문2동,주간,1765.902388018432,2327.7502732718935,3158.952521658989,2721.149297695847
202409,용신동,야간,3500.209757777788,14860.172662222243,11418.665952222216,8198.854220000021
202409,제기동,야간,3621.7905966666735,11954.592643333324,7895.664844444448,7391.315954444421
202409,전농1동,야간,4726.041293333331,12228.04984444443,10243.735767777782,6901.239456666653
202409,전농2동,야간,2803.816686666656,3912.9407077777737,4793.174356666663,3659.6281977777767
202409,답십리1동,야간,4266.097888888886,7696.286761111128,7923.408361111125,4893.244757777777
202409,답십리2동,야간,2950.660258888895,6004.963707777787,7264.2260577777915,5551.822891111125
202409,장안1동,야간,4374.166448888889,10960.062826666703,10883.24629333332,6996.671534444443
202409,장안2동,야간,5276.549867777776,8122.056439999989,9657.099963333329,5566.183291111111
202409,청량리동,야간,1544.0687699999987,5496.687036666674,4920.1462722222195,5273.486279999994
202409,회기동,야간,2298.8059799999996,8837.212461111083,3098.626873333327,2717.5016155555577
202409,휘경1동,야간,1723.4790044444474,8319.116347777768,3720.5083744444473,2766.442158888887
202409,휘경2동,야간,2700.167660000005,8045.711880000018,4886.093515555562,3546.620971111106
202409,이문1동,야간,2427.7898000000027,12502.299843333334,4243.733563333329,3113.3622099999934
202409,이문2동,야간,2694.533848888891,4087.292996666671,4972.546961111114,3547.6414433333334
202409,용신동,주간,3384.3511723809447,13718.983279523818,14250.530299047572,11790.40426666664
202409,제기동,주간,3489.4266147619105,10886.690197142843,9203.406047142862,10262.38947380957
202409,전농1동,주간,5571.31656476188,10894.908223333365,10021.157740476177,7533.19864999997
202409,전농2동,주간,3213.470839523816,4700.357392380934,4022.279640476186,3199.1828238095427
202409,답십리1동,주간,3219.55358428571,5583.438580000004,6520.667704761916,4653.115467142872
202409,답십리2동,주간,1870.368383333338,4092.0073038095384,5442.012861904795,4264.194769523798
202409,장안1동,주간,3350.7571133333213,9512.32610999997,11341.936462857115,7582.6114909523685
202409,장안2동,주간,5637.812556190484,6271.254656666645,8492.221885714269,5584.26936523811
202409,청량리동,주간,1703.0252604761788,5762.842920476199,6103.579418095231,6709.751906666663
202409,회기동,주간,3747.602070476194,10529.233440952366,4198.119799523819,2753.581979999998
202409,휘경1동,주간,1577.312129523809,6661.14293428572,3723.5744166666723,3217.787719047629
202409,휘경2동,주간,2835.9287152380966,4958.782837142841,3691.561366190465,2888.9068799999945
202409,이문1동,주간,3219.0445366666686,13726.294534285777,4794.33562571428,2997.936028095229
202409,이문2동,주간,1670.7965171428605,2336.807506666671,3148.9222061904634,2653.4449319047594
202410,용신동,야간,3586.462319354839,15332.746432258034,11400.094193548395,8093.792501075294
202410,제기동,야간,3557.4536999999996,12458.802035483879,7964.183434408561,7392.052405376321
202410,전농1동,야간,4803.12928494625,12812.985011827974,10557.417867741968,7047.672037634405
202410,전농2동,야간,2772.415377419357,3869.505150537629,4615.872067741952,3541.3353193548305
202410,답십리1동,야간,4212.877737634416,7721.322390322594,7900.399759139794,4796.745344086034
202410,답십리2동,야간,3044.8375784946234,6367.048781720418,7563.93024086022,5717.180454838715
202410,장안1동,야간,4527.471964516127,11317.758101075264,11188.12128709677,7085.686143010748
202410,장안2동,야간,5308.939644086018,8241.767647311806,9718.13116129035,5533.906194623648
202410,청량리동,야간,1504.8841301075247,5587.207039784941,4930.115683870986,5269.694222580647
202410,회기동,야간,2357.469089247312,9475.212754838714,3171.6361645161305,2773.1968688172037
202410,휘경1동,야간,1756.3777311827944,8805.311045161288,3784.0418505376274,2822.6405505376333
202410,휘경2동,야간,2793.1388741935534,8699.054263440872,5040.086655913975,3662.8233548387193
202410,이문1동,야간,2455.247252688164,13539.45825053763,4312.089415053759,3116.3041516129047
202410,이문2동,야간,2662.3146720430104,4207.078705376349,4963.122440860199,3475.5090720430176
202410,용신동,주간,3421.77499216589,13955.23351889411,14450.898741935505,11904.339574654367
202410,제기동,주간,3548.7084691244404,11314.652194930854,9228.578280184354,10447.9847668203
202410,전농1동,주간,5741.70153824884,11200.126024423951,10010.802734101395,7587.857564976982
202410,전농2동,주간,3182.2271285714282,4805.508967281121,3764.3581907834096,2982.338304608303
202410,답십리1동,주간,3244.5634986175137,5523.40315990783,6426.670628110606,4564.558742396303
202410,답십리2동,주간,1895.9867184331838,4220.889986175125,5494.848093548382,4243.162292165901
202410,장안1동,주간,3516.846512442397,9698.219224423969,11567.247513364086,7678.29915069126
202410,장안2동,주간,5860.474275576075,6340.903823041488,8470.79963456218,5486.303831797248
202410,청량리동,주간,1666.4123539170473,5870.937441474658,6131.123838709687,6755.105167281117
202410,회기동,주간,3790.6542387096824,11309.323223502268,4317.27578248847,2779.516098617522
202410,휘경1동,주간,1588.9346829493109,6934.813564976966,3784.6201926267386,3276.9633940092276
202410,휘경2동,주간,2890.9827211981624,5271.139116589883,3743.102492165898,2914.3277142857078
202410,이문1동,주간,3238.1740235023,14832.775124884694,5070.271902304147,3022.9508253456215
202410,이문2동,주간,1617.8699999999983,2338.843130875574,3055.0751023041507,2526.9026460829523
202412,용신동,야간,3581.750073118277,15230.572517204331,11374.854247311792,8142.990825806461
202412,제기동,야간,3330.1676462365563,12134.509352688183,7941.834484946237,7302.906603225804
202412,전농1동,야간,4759.155818279563,12771.963532258067,10741.282823655927,7298.217292473114
202412,전농2동,야간,2559.898727956987,3686.473756989253,4492.89326451612,3396.1938892473113
202412,답십리1동,야간,4128.343047311836,7768.36079462364,8054.355689247316,4891.81797634408
202412,답십리2동,야간,3128.9155537634474,6316.476123655922,7544.278291397829,5734.4718827956995
202412,장안1동,야간,4456.447138709691,11312.40979462366,11349.595550537675,7181.455660215078
202412,장안2동,야간,5340.393509677415,8238.768656989263,9812.842712903237,5544.843124731194
202412,청량리동,야간,1471.2896000000012,5411.7826516129,4867.372117204301,5197.703423655902
202412,회기동,야간,2121.7256827956967,9083.0573655914,3208.859791397844,2743.0275924731172
202412,휘경1동,야간,1614.2888645161265,8515.487204301082,3813.55511182796,2766.0044913978513
202412,휘경2동,야간,2674.723244086013,8449.621892473131,5078.212349462362,3733.9291290322544
202412,이문1동,야간,2168.674195698923,12727.147163440859,3935.7762903225944,2837.7047462365576
202412,이문2동,야간,2520.413243010751,4078.392246236557,4772.588491397843,3369.6994537634478
202412,용신동,주간,3437.961417511527,14282.328436866375,14479.152979262693,12035.787028571478
202412,제기동,주간,3300.5812622119606,11185.987045622203,9221.20785299542,10243.470955760406
202412,전농1동,주간,5719.568352995359,11384.823453456333,10566.350103686638,8026.104386635941
202412,전농2동,주간,2813.9114714285615,4291.0387594470085,3705.609079723499,2905.8875700460835
202412,답십리1동,주간,3420.2277557603697,5681.841135023028,6700.400978340997,4697.273058064517
202412,답십리2동,주간,1969.102160829496,4272.281110138242,5607.419014746549,4496.271669585249
202412,장안1동,주간,3638.232747004625,9856.053494009198,11844.286056221246,7865.497854377873
202412,장안2동,주간,5870.491547926257,6422.394678341012,8592.191752534562,5578.44479032259
202412,청량리동,주간,1737.914094930886,5837.8170377880215,6169.328507834095,6844.97329262674
202412,회기동,주간,3355.6899635944706,10612.954016589845,4357.411109677425,2873.1683645161315
202412,휘경1동,주간,1567.5368359446977,6974.04292949308,3889.5349677419413,3269.048742857152
202412,휘경2동,주간,2766.6800036866407,5200.308723041467,3749.4363059907787,2998.35528202765
202412,이문1동,주간,2702.6984036866393,13506.519211981586,4687.9140760368555,2946.2720377880114
202412,이문2동,주간,1608.8445714285701,2314.847719354838,2991.8542281105924,2551.982931797239
202501,용신동,야간,3344.111592473127,14182.319098924665,11168.840802150575,7982.276867741954
202501,제기동,야간,2881.8989763440914,10383.393980645187,7767.502741935478,7215.811074193549
202501,전농1동,야간,4483.08335268817,11892.668187096746,10701.959398924728,7404.451923655904
202501,전농2동,야간,2548.7217483871013,3549.4676967741943,4536.052140860217,3485.7383763440885
202501,답십리1동,야간,4099.300032258067,7504.379777419358,7920.891591397856,4855.704778494617
202501,답십리2동,야간,3030.290764516128,6308.013723655917,7602.620641935463,5742.052747311817
202501,장안1동,야간,4507.225253763433,11053.019882795686,11376.937013978515,7129.802365591403
202501,장안2동,야간,5426.346626881715,8237.462794623658,9795.266521505377,5597.240894623651
202501,청량리동,야간,1479.7211430107507,4971.9504634408595,4899.553312903226,5323.69704408603
202501,회기동,야간,1822.0207946236585,6741.941255913983,3107.1376397849476,2764.423648387095
202501,휘경1동,야간,1459.1965666666683,6981.630593548381,3680.382683870967,2728.9613559139743
202501,휘경2동,야간,2382.681293548383,7489.647021505373,5077.465703225808,3774.958603225806
202501,이문1동,야간,1824.7654010752665,9887.590387096738,3973.3625892473137,2886.4973322580613
202501,이문2동,야간,2440.799819354835,4083.699050537633,4753.766806451611,3454.470105376346
202501,용신동,주간,3426.3289170506964,13559.27075345616,13937.299421658949,11719.92273456224
202501,제기동,주간,2769.611521658983,9541.00968341014,9105.201300921673,10291.843937788024
202501,전농1동,주간,4982.573832718879,10555.293661290323,10565.147357603693,8025.422837327145
202501,전농2동,주간,2340.7547783410123,3476.009258986191,3730.488003686612,3009.555611059911
202501,답십리1동,주간,3632.6876529953806,5632.696970506883,6636.899450230399,4698.692483870958
202501,답십리2동,주간,2525.243638709674,4456.38394331799,5851.843155760357,4629.538054377875
202501,장안1동,주간,3883.1704502304046,9736.280238709629,11561.699668202737,7706.382311981584
202501,장안2동,주간,6181.379127649777,6645.6602907834385,8754.54689585256,5674.321848387071
202501,청량리동,주간,1678.8101774193524,5491.822917972356,6198.096577419339,6895.713839631353
202501,회기동,주간,1844.745592165897,7334.4496972350225,3883.5626387096668,2785.881815668211
202501,휘경1동,주간,1523.0731442396318,5948.832357603697,3780.5050253456216,3161.0523465437786
202501,휘경2동,주간,2024.823484331797,4727.418516589872,3796.160627649794,3065.6221391704994
202501,이문1동,주간,2062.0966133640554,9215.938375115207,4560.760772350238,3027.0227317972376
202501,이문2동,주간,1762.093087096781,2476.643740552994,3118.155471428567,2632.6926917050773
202502,용신동,야간,3542.856190476179,14867.512746428569,11506.597217857152,8078.947125000018
202502,제기동,야간,3032.529795238092,10955.490509523763,7856.251553571433,7231.734692857151
202502,전농1동,야간,4674.5107619047585,12176.746998809509,10756.641988095222,7306.311055952371
202502,전농2동,야간,2650.1918988095226,3638.086284523814,4663.332766666656,3535.6391321428578
202502,답십리1동,야간,4133.648423809518,7750.503210714284,8037.553778571423,4930.265408333339
202502,답십리2동,야간,3190.925090476183,6379.0661,7539.9274321428775,5658.803902380944
202502,장안1동,야간,4524.613867857142,11536.44169166663,11477.812557142877,7135.853450000001
202502,장안2동,야간,5619.58772499999,8373.894213095225,9874.676442857171,5563.7757988095145
202502,청량리동,야간,1469.054860714288,5160.182811904747,5001.751251190465,5350.256414285724
202502,회기동,야간,1886.5626440476183,6919.380422619037,3122.091482142858,2787.652700000004
202502,휘경1동,야간,1511.9228607142823,7257.537266666655,3719.5127988095196,2641.6619892857143
202502,휘경2동,야간,2473.2797428571434,7793.434858333329,5115.516122619034,3779.8567202380914
202502,이문1동,야간,2349.3069857142837,10844.399064285732,4523.974886904772,3146.1236988095284
202502,이문2동,야간,2511.2917345238134,4107.67117261905,4851.325178571445,3417.6707535714245
202502,용신동,주간,3600.9440938775465,14149.286689285611,14803.801299489789,12073.974622448968
202502,제기동,주간,2916.4913545918293,9864.311958673494,9131.137846428577,9931.630790816344
202502,전농1동,주간,5113.93068979591,10552.781579081662,10372.921757653,7865.63027040817
202502,전농2동,주간,2625.931534183676,3552.3978204081554,3739.301039795914,3006.207819897963
202502,답십리1동,주간,3836.6300612244922,5591.463796938767,6657.769447448954,4799.688525000011
202502,답십리2동,주간,2671.7129943877585,4339.674448979598,5636.243437244903,4481.257567857138
202502,장안1동,주간,3885.0065239795867,10016.895528061203,11913.321087754997,7907.76819438777
202502,장안2동,주간,6275.461977040801,6502.037692346937,8579.748051020406,5593.356069387769
202502,청량리동,주간,1656.520029591836,5719.825086734717,6352.882885204114,6975.797681122438
202502,회기동,주간,2156.628340816325,7997.442084693879,4228.088720918367,2900.1153627550984
202502,휘경1동,주간,1618.7350785714286,6131.497173469363,3764.192467346943,3124.34904846939
202502,휘경2동,주간,2133.49582908163,4897.918007653063,3853.8586459183875,3060.7996938775555
202502,이문1동,주간,2677.237542346939,10000.749517857144,5243.210658673461,3369.397611224481
202502,이문2동,주간,1822.3169239795945,2355.5572545918444,2964.9732841836703,2535.5014102040873
202503,용신동,야간,3789.5845118279562,15485.757246236548,11370.78576989245,7955.239460215055
202503,제기동,야간,3513.317043010753,12667.604813978498,7811.585021505342,7188.025721505369
202503,전농1동,야간,4837.619748387093,12555.321010752705,10566.448793548398,7072.034935483877
202503,전농2동,야간,2769.7328677419373,3762.0169946236583,4710.922129032264,3517.305443010762
202503,답십리1동,야간,4145.786240860211,7738.916849462367,8074.5007032258045,4913.515130107525
202503,답십리2동,야간,3094.2726473118178,6205.465535483879,7384.347096774182,5614.779645161291
202503,장안1동,야간,4494.360007526865,11405.190583870915,11226.129713978486,7009.424254838702
202503,장안2동,야간,5549.340402150552,8282.237665591398,9882.978537634417,5537.6266096774225
202503,청량리동,야간,1597.5893118279607,5391.088787096777,4989.880167741938,5405.922661290318
202503,회기동,야간,2722.6397999999976,9364.858323655915,3164.0814634408616,2811.3913935483865
202503,휘경1동,야간,1748.082658064516,8630.282135483869,3698.149151612902,2564.6211569892503
202503,휘경2동,야간,2849.4691634408537,8758.078552688183,5163.347170967739,3775.0017322580625
202503,이문1동,야간,3979.2210032258026,14421.720818279551,5151.046845161282,3249.055076344079
202503,이문2동,야간,2463.625467741937,4141.3766827957,4808.23705806453,3368.9633354838766
202503,용신동,주간,3597.1373838709737,14337.049412442357,14467.15024239632,11995.497940092222
202503,제기동,주간,3734.337264976963,11397.637792165991,9185.383205069154,9979.215213364063
202503,전농1동,주간,6210.58002488481,11213.587269585278,10317.309618433233,7671.8540442396625
202503,전농2동,주간,3527.65340276498,4823.109190783403,3854.035848847933,2985.8563364055394
202503,답십리1동,주간,3125.0524497695806,5596.111157142864,6693.167269124421,4691.642440092175
202503,답십리2동,주간,1717.7967193548382,4198.681064516129,5549.916254377897,4356.311981566827
202503,장안1동,주간,3544.555799078332,9717.162030414722,11630.102391244232,7700.628212903236
202503,장안2동,주간,5855.384054377892,6349.422086635938,8637.731301382475,5439.610334562241
202503,청량리동,주간,1858.8320617511497,5912.62862119815,6458.623093087592,6952.107027188946
202503,회기동,주간,4681.726339631341,11193.879715207362,4368.814041013818,2861.7074290322607
202503,휘경1동,주간,1671.8829511520705,6783.165768202768,3647.585500921678,3025.0880023041473
202503,휘경2동,주간,3099.938097235027,5336.652063594478,3909.8942539170575,3002.103462211974
202503,이문1동,주간,4944.322305069116,15795.611232258056,5658.061373732709,3380.435390783423
202503,이문2동,주간,1412.8261382488454,2248.617557603681,2905.5264949308716,2433.9134811059835
202504,용신동,야간,3664.4288733333547,15297.9952055556,11147.406560000012,7688.735276666666
202504,제기동,야간,3477.728093333339,12915.490193333324,7690.583279999996,7022.104668888877
202504,전농1동,야간,4783.485560000004,12492.424437777767,10283.04303888888,6893.7490733333225
202504,전농2동,야간,2807.4134088888936,3940.3792111111247,4732.48139888889,3549.33899888888
202504,답십리1동,야간,4218.537121111115,8151.854477777779,8341.760695555546,4937.335042222221
202504,답십리2동,야간,3090.900153333336,6226.1497288888895,7335.108091111138,5544.885510000015
202504,장안1동,야간,4465.602731111116,11362.973984444492,11157.39218111108,7035.723729999991
202504,장안2동,야간,5543.334096666666,8166.568837777789,9793.640738888887,5458.425010000005
202504,청량리동,야간,1653.5788711111056,5414.956164444425,4965.674153333349,5398.617871111094
202504,회기동,야간,2708.2829733333333,9648.764876666655,3150.0505944444412,2749.3506588888863
202504,휘경1동,야간,1718.2379500000009,8687.156513333337,3687.940923333334,2511.86777
202504,휘경2동,야간,2746.44580222222,8943.347892222186,5172.193036666655,3730.8044711111165
202504,이문1동,야간,4115.931512222208,15496.103784444456,5409.197954444428,3315.671604444438
202504,이문2동,야간,2403.9817511111128,4094.8645488888874,4586.760597777782,3244.13829444445
202504,용신동,주간,3459.1930928571605,14268.82283999991,14576.223509047646,11742.480534761882
202504,제기동,주간,3670.1668204761795,11249.405018571404,8884.043396190482,9473.602955238135
202504,전농1동,주간,5993.214819523794,10741.029893809491,9786.41547095242,7270.583935714268
202504,전농2동,주간,3596.227104285709,5054.626986666661,3825.9623476190577,2965.411094285715
202504,답십리1동,주간,3128.993271904768,5737.135786190475,6793.121017619049,4743.782023809537
202504,답십리2동,주간,1711.1720523809606,4043.46445047619,5413.641702857135,4177.221856666656
202504,장안1동,주간,3648.4743614285717,9602.48358333338,11611.337310952356,7639.343372380928
202504,장안2동,주간,5893.204671904749,6042.793931428564,8343.185728571418,5320.0150471428515
202504,청량리동,주간,1942.468505714285,5843.029925714311,6448.123889523825,6929.101078571402
202504,회기동,주간,4868.138225714296,11677.621664285714,4480.670644285708,2892.463516666662
202504,휘경1동,주간,1596.2790757142836,6452.231648095249,3487.5934576190366,2888.494060476198
202504,휘경2동,주간,3051.7617319047645,5395.570765238078,3931.740431904774,2956.4145380952323
202504,이문1동,주간,4976.23664476189,16675.344310952325,5627.312129523812,3252.6934142857276
202504,이문2동,주간,1293.166910000004,2067.156527619042,2637.4427128571438,2225.5889004761957
202506,용신동,야간,3668.264964444441,15192.82742666668,11263.061907777772,7723.29836888889
202506,제기동,야간,3179.9241700000025,12011.793848888912,7218.440691111092,6578.8940988889
202506,전농1동,야간,4629.424116666671,12133.748404444495,9976.748375555551,6647.092251111101
202506,전농2동,야간,2710.66025888889,3875.5760811111118,4683.281933333335,3610.0270766666695
202506,답십리1동,야간,4445.9844199999925,8238.193188888885,8424.283695555547,4971.336704444441
202506,답십리2동,야간,3216.132101111117,6469.444398888897,7475.398382222228,5686.718262222218
202506,장안1동,야간,4696.196791111111,11583.85934888888,11511.176806666692,7252.935844444454
202506,장안2동,야간,5544.061200000007,8051.6907677777735,9617.582685555566,5481.893225555547
202506,청량리동,야간,1618.7550266666647,5383.746384444442,5053.696753333349,5477.537719999999
202506,회기동,야간,2329.6891622222233,9104.477412222224,3108.292849999995,2686.0540444444405
202506,휘경1동,야간,1711.9273688888868,8509.078388888907,3671.30827888889,2626.4144522222227
202506,휘경2동,야간,2531.214557777777,8344.841756666681,4897.434722222236,3606.836042222218
202506,이문1동,야간,3875.8101866666675,15607.062963333288,5723.994871111128,3512.46782888889
202506,이문2동,야간,2394.0620455555622,4052.842692222223,4684.035471111111,3326.9462211111077
202506,용신동,주간,3497.893950476189,14042.561998095187,14061.735084761853,11298.746302380929
202506,제기동,주간,3284.46811523809,10971.862787142889,8766.628466190466,9411.950294761891
202506,전농1동,주간,5929.020411428594,10897.532987142855,9896.888756666654,7216.56493571426
202506,전농2동,주간,3184.2491171428555,4353.3826490476295,3682.8123299999993,2959.298876666663
202506,답십리1동,주간,3358.879623809514,6078.400197619031,6924.522748095236,4786.957785238094
202506,답십리2동,주간,1904.134027619048,4345.858754761915,5528.190480476213,4351.586167619041
202506,장안1동,주간,3649.0735009523914,9626.974551904754,11516.872849999962,7708.172520000009
202506,장안2동,주간,6028.5393176190555,6306.918575238102,8459.860391428601,5485.523722380951
202506,청량리동,주간,2072.8108395238137,6220.228595238096,6653.739810952376,7136.775596190484
202506,회기동,주간,3999.5882733333387,10552.435724761935,4240.974742380945,2841.7676509523876
202506,휘경1동,주간,1574.309966190476,6543.337746666687,3440.6156514285603,2887.231935714287
202506,휘경2동,주간,2842.8454652380838,5326.762528095226,3884.6523966666573,2921.385583809532
202506,이문1동,주간,3994.632006666667,14972.70368095239,5406.32321142857,3186.3901733333346
202506,이문2동,주간,1404.093404761905,2264.3970904761945,2801.635819047624,2368.9449800000034
202507,용신동,야간,3667.761662365599,14705.92185053765,11165.915837634397,7722.505777419338
202507,제기동,야간,3039.609195698926,11243.561213978492,7533.683726881704,6937.389730107527
202507,전농1동,야간,4492.195348387084,11593.606690322624,10016.82293655914,6757.65213978495
202507,전농2동,야간,2721.42677311828,3724.555736559148,4766.059318279568,3586.202562365586
202507,답십리1동,야간,4159.514424731177,8040.088846236557,8114.826929032268,4777.072887096778
202507,답십리2동,야간,3378.338870967755,6746.028109677415,7749.843625806446,5836.369913978499
202507,장안1동,야간,4690.682929032279,11505.689329032271,11631.870509677423,7253.089668817213
202507,장안2동,야간,5554.652564516132,8100.215290322586,9568.444902150524,5442.098281720438
202507,청량리동,야간,1607.8413408602166,5130.790295698921,4947.831665591407,5325.454463440861
202507,회기동,야간,1897.9102612903155,7402.019378494621,3027.2206032258086,2653.1480086021443
202507,휘경1동,야간,1682.6573999999985,7980.857466666661,4023.2734677419344,2840.169460215056
202507,휘경2동,야간,2304.509506451607,7725.45946666669,4934.7916505376315,3574.195675268815
202507,이문1동,야간,3061.4317623655975,13234.889909677388,5679.2663225806455,3488.6815795698944
202507,이문2동,야간,2368.8241752688186,4041.2687505376293,4612.586443010751,3328.657731182798
202507,용신동,주간,3504.280599539173,13731.595541935452,14285.274485714257,10936.648981566776
202507,제기동,주간,2953.837808294942,10054.00133502307,8940.972362211956,9407.147835483882
202507,전농1동,주간,5616.5720359446805,10055.11670276496,9892.381995852536,7391.822659446991
202507,전농2동,주간,2700.090272811051,3470.560594009227,3573.715571428575,2959.0751700460764
202507,답십리1동,주간,3292.677605069119,5819.571954838725,6637.285822580634,4682.051489861745
202507,답십리2동,주간,2236.0755635944665,4291.360191705077,5541.204144700455,4491.639647926263
202507,장안1동,주간,3741.386534101396,9617.005752073763,11701.61283917048,7769.523600921601
202507,장안2동,주간,5979.072104147474,6196.053170046088,8307.348202304192,5519.378614746522
202507,청량리동,주간,2029.936696313366,5969.25128986178,6538.403397695855,6921.9424023041365
202507,회기동,주간,2846.5870276497794,8187.889823041498,4159.762123963148,2812.7966889400964
202507,휘경1동,주간,1589.5017967741967,6133.354999539173,3788.184575576042,3065.5280995391754
202507,휘경2동,주간,2409.2640843318045,4844.7893737327,3787.9338281105947,2861.0419115207437
202507,이문1동,주간,2874.6616248848045,10959.979397234996,5164.05853502303,3156.8527677419443
202507,이문2동,주간,1505.0431018433114,2230.1928225806473,2712.922243317971,2357.432692165897
202508,용신동,야간,3666.0364623656,14572.110693548364,11144.48296236559,7724.1433645161305
202508,제기동,야간,2963.0418956989215,10985.484806451626,7523.573529032251,6816.036435483865
202508,전농1동,야간,4308.751151612908,11040.642488172045,9644.066993548406,6565.657596774187
202508,전농2동,야간,2626.1370064516123,3555.879009677424,4625.643463440878,3527.61297634409
202508,답십리1동,야간,4099.693565591399,7911.791496774203,8095.456112903233,4764.958624731186
202508,답십리2동,야간,3298.0173913978483,6698.660620430139,7735.413740860207,5858.773329032266
202508,장안1동,야간,4574.453406451618,11293.219512903202,11485.592654838727,7170.26442258065
202508,장안2동,야간,5603.109660215047,8070.947644086045,9703.963659139792,5505.779433333332
202508,청량리동,야간,1555.857921505375,5081.043101075277,4856.876320430106,5267.366687096782
202508,회기동,야간,1851.2712677419377,7232.886092473112,2981.611496774187,2574.920794623652
202508,휘경1동,야간,1769.4168989247235,8370.047719354836,4256.814965591404,2907.5444107526823
202508,휘경2동,야간,2277.684133333339,7872.119965591373,5065.149254838706,3730.349204301085
202508,이문1동,야간,3005.7780569892493,12965.138878494645,5676.308538709665,3425.7411365591392
202508,이문2동,야간,2323.9275430107537,3933.8138408602176,4513.852710752675,3302.788740860216
202508,용신동,주간,3489.5986391704964,13431.620500921634,13809.248705069049,10965.32394838713
202508,제기동,주간,2887.093283410134,9703.04401566819,8805.458326728138,9210.658289400935
202508,전농1동,주간,5234.5778576037,9749.247209677413,9794.904681566853,7324.749907373271
202508,전농2동,주간,2573.041915668206,3221.073430414744,3519.0776387096694,2904.4087751152138
202508,답십리1동,주간,3315.794478801849,5785.952935483869,6544.237899539146,4588.183048387081
202508,답십리2동,주간,2260.543716589861,4387.387010599089,5638.076885253472,4500.225826728117
202508,장안1동,주간,3690.0050677419345,9376.670257142874,11384.353024884764,7690.487891244226
202508,장안2동,주간,5985.717396313362,6322.08703456219,8467.217000460832,5496.038929032279
202508,청량리동,주간,1865.2933603686683,5929.161027649768,6455.20327834102,6994.9632843317595
202508,회기동,주간,2513.9579682027666,8045.1105304147495,3975.0426299539167,2740.9635534562194
202508,휘경1동,주간,1651.97408525346,6514.463743778796,3964.6943788018484,3144.7545064516057
202508,휘경2동,주간,2355.4425258064484,5171.211241013831,3965.308169124416,2943.639670046086
202508,이문1동,주간,2917.8166640552918,10631.832584331854,5167.130015207391,3136.8980506912494
202508,이문2동,주간,1487.6971829493098,2254.4089714285687,2756.966202304147,2317.8936838709783
202509,용신동,야간,3823.5930744444486,15713.392888888862,11413.834188888895,7823.770816666663
202509,제기동,야간,3239.6663088888927,12560.771648888891,7674.4493288888925,6895.94088333334
202509,전농1동,야간,4634.089916666676,11788.34980111111,9569.337512222244,6555.925016666661
202509,전농2동,야간,2717.4360111111055,3665.41261333333,4826.051145555564,3554.7803855555644
202509,답십리1동,야간,4182.838227777771,8035.496616666663,8001.012112222224,4611.7310111111055
202509,답십리2동,야간,3454.21163555555,6681.875626666665,7702.43866333333,5799.43523444445
202509,장안1동,야간,4757.33565444445,11116.939242222217,11358.972157777784,7028.6220222222255
202509,장안2동,야간,5740.064204444444,8191.302901111118,10106.112038888894,5650.113157777771
202509,청량리동,야간,1597.3058988888895,5383.900091111116,4857.333692222228,5288.903153333353
202509,회기동,야간,2243.447142222219,9321.334124444444,2990.48901222222,2610.540005555555
202509,휘경1동,야간,1973.7027511111125,9905.740395555562,4394.64476777778,3011.2296966666636
202509,휘경2동,야간,2552.681478888888,9007.695987777808,5148.85445222223,3735.758520000001
202509,이문1동,야간,3835.532277777777,16240.166423333258,5819.748907777786,3379.432315555566
202509,이문2동,야간,2424.070145555554,4238.154170000006,4666.802161111113,3312.395428888885
202509,용신동,주간,3449.5693152380923,13799.320059047652,14452.46521809521,11301.639270952322
202509,제기동,주간,3369.7071823809415,11348.017880000045,9132.752177142864,9867.525290952372
202509,전농1동,주간,5819.472472857138,10302.81583619044,9627.832966666627,7405.652300952388
202509,전농2동,주간,3437.9145199999884,4620.71112047619,3751.4746380952633,2986.0770995238177
202509,답십리1동,주간,3170.783386190481,5567.782773333322,6446.999852380945,4540.611176666677
202509,답십리2동,주간,1937.089344761903,4209.558626190494,5506.901213809511,4359.959936666645
202509,장안1동,주간,3760.581434761898,9312.085936190499,11354.288469523779,7503.718320476172
202509,장안2동,주간,6181.184377619073,6095.404378571446,8642.911918571464,5535.655012380974
202509,청량리동,주간,2021.9961819047583,6119.471291904766,6534.551359999988,7105.689058571428
202509,회기동,주간,4058.444674761904,11407.03070285714,4329.963149999995,2831.071750476199
202509,휘경1동,주간,1629.0437628571406,6906.086334285713,3888.9797242857035,3161.361322380948
202509,휘경2동,주간,2880.0616557142785,5629.968006190456,3950.076625714294,2818.013912380963
202509,이문1동,주간,4049.7133057143046,16869.415141428482,5685.735176190511,3183.6084166666656
202509,이문2동,주간,1420.173582380959,2198.38374476191,2735.683200952378,2284.570069047619
202510,제기동,야간,3050.13142473118,11765.592968817196,7492.033627956985,6809.811338709681
202510,전농2동,야간,2682.8729741935417,3636.366710752687,4792.417401075274,3571.7011580645144
202510,답십리1동,야간,4134.599934408602,7875.266564516135,7922.174572043002,4698.450698924735
202510,장안1동,야간,4881.249096774193,10978.337310752686,11329.462590322584,7106.887704301083
202510,전농1동,야간,4599.832389247312,11767.683549462346,9845.558517204301,6728.083747311801
202510,장안2동,야간,5817.699496774224,8137.6674774193425,10114.20831935484,5719.463255913993
202510,청량리동,야간,1545.6763,5108.73523548387,4781.941570967763,5267.525987096765
202510,답십리2동,야간,3435.929692473114,6506.1413903225775,7479.516722580651,5708.931295698912
202510,용신동,야간,3863.4673075268815,15096.74186451613,11332.729935483881,7924.196078494628
202510,휘경1동,야간,1836.5158634408626,8972.309798924724,4297.760729032266,3030.1760817204317
202510,회기동,야간,2009.657423655916,8887.846735483885,2963.1756537634433,2607.9165215053767
202510,이문1동,야간,3711.765515053767,15963.532507526885,5915.296366666669,3543.5353602150517
202510,이문2동,야간,2268.5217043010744,4045.491969892468,4457.465091397844,3244.2968354838727
202510,휘경2동,야간,2302.675202150536,8193.05945376345,4906.165092473125,3610.5212817204247
202510,답십리1동,주간,3225.6761907834007,5527.2747520737175,6325.674346082967,4445.280032718882
202510,전농1동,주간,5702.155605529952,10984.36967235027,10364.095616589868,7623.060607834115
202510,용신동,주간,3469.096245622113,13204.138393548326,13599.630873732694,10925.777248387147
202510,답십리2동,주간,2064.629009216593,4249.898236866352,5426.799500921669,4260.624129032252
202510,장안1동,주간,3753.0151525345764,8956.76931705068,10838.14661013821,7267.49155529951
202510,전농2동,주간,3036.911061751164,4210.12230506912,3710.3954013824855,2931.7717027649874
202510,제기동,주간,3225.7678032258127,10782.414153456235,8766.111372350246,9398.687159907839
202510,청량리동,주간,1815.7214327188935,5357.718892165924,5886.201440553035,6584.560192165909
202510,회기동,주간,3414.768874193553,10516.92142304146,4056.529922119826,2747.1365179723466
202510,장안2동,주간,5959.323258064481,6391.093858064514,8743.742756682064,5495.791896774203
202510,이문1동,주간,3660.279415207376,15583.499676958623,5605.436881566826,3232.2074520737365
202510,이문2동,주간,1415.7251423963146,2246.0636184331875,2718.698913824882,2230.1709829493016
202510,휘경1동,주간,1510.2428755760382,6408.860723963109,3694.145516589865,3026.2714520737204
202510,휘경2동,주간,2460.840926267273,5405.2446410138355,3796.5888059907807,2782.544289400937
202511,전농1동,야간,4649.685282222213,12316.81383777776,10046.435161111096,6782.236764444445
202511,전농2동,야간,2729.076790000008,3671.697596666674,4778.941391111101,3561.8307211111037
202511,제기동,야간,3106.936617777779,12613.517322222186,7667.862542222229,6839.7326777777935
202511,용신동,야간,3835.888835555563,15537.386822222184,11332.382894444463,7791.826568888876
202511,답십리1동,야간,4215.050672222227,8250.07909000002,7992.0873511111195,4649.842416666655
202511,답십리2동,야간,3436.494675555556,6674.799402222198,7541.811315555569,5681.414087777773
202511,청량리동,야간,1528.1935111111097,5336.902002222219,4874.896180000006,5223.411766666654
202511,장안1동,야간,4805.234212222222,11216.81516,11398.04181222226,7106.105346666682
202511,장안2동,야간,5849.896455555549,8193.812524444447,10041.328271111119,5603.418684444451
202511,휘경2동,야간,2473.3026555555552,9006.015977777775,5125.014632222225,3704.8282822222154
202511,이문1동,야간,3742.6019277777746,17090.010061111123,6049.649902222228,3541.8531433333296
202511,회기동,야간,2046.7221222222227,9533.196185555566,3006.7837166666636,2603.339162222222
202511,휘경1동,야간,1840.161475555559,9481.171707777774,4263.703321111117,2925.9226588888796
202511,이문2동,야간,2238.985008888892,4141.34569000001,4444.399278888894,3228.2344822222262
202511,답십리2동,주간,2128.4163585714264,4320.437822380954,5424.2160276190525,4310.243923809528
202511,용신동,주간,3504.178665714278,13660.045235238102,14018.815893809482,11085.410103333323
202511,제기동,주간,3470.866269999981,11540.940833333307,9126.37064047621,9620.483895238085
202511,장안1동,주간,3820.21999285715,9108.359349999999,11041.680963809491,7351.287413333305
202511,전농2동,주간,3194.4411561904803,4462.6172204761915,3712.154708095238,2953.928083809517
202511,답십리1동,주간,3293.7987847619033,5626.751686666671,6340.039551428555,4426.971487142847
202511,전농1동,주간,5863.3810847619025,11282.197292857123,10561.435560476179,7734.311220000015
202511,이문1동,주간,4083.594039047627,17035.593110952388,6017.799597619071,3317.466412380971
202511,장안2동,주간,6156.332316190471,6398.9954899999775,8718.964441904738,5522.541695238093
202511,청량리동,주간,1908.0630547619028,5655.90968714284,6135.190143809525,6689.824920476215
202511,회기동,주간,3821.23926190477,11542.006777142838,4440.932047619053,2857.0923199999947
202511,휘경1동,주간,1488.8883447619032,6694.847229047627,3704.3477438095333,2999.033559047612
202511,이문2동,주간,1403.363642380955,2197.016027142855,2610.0788147619105,2182.390411904757
202511,휘경2동,주간,2633.7752071428476,5976.373457619059,4033.0591728571417,2940.937658095238
202512,답십리1동,야간,4247.754341935489,8350.946676344081,8149.402835483867,4743.61589892473
202512,용신동,야간,3821.8822311827957,15450.77178924727,11372.185346236582,7812.336510752667
202512,장안1동,야간,4808.536584946234,11228.275835483844,11560.205588172028,7123.987547311819
202512,답십리2동,야간,3445.254839784938,6773.704187096767,7712.441999999993,5818.656207526868
202512,전농1동,야간,4682.668976344077,11975.074935483846,10122.378435483852,6805.873806451592
202512,전농2동,야간,2775.2736688172063,3720.989153763449,4832.542395698926,3561.080272043007
202512,제기동,야간,3041.0778655914005,12358.306097849463,7578.030917204309,6905.738678494628
202512,장안2동,야간,5891.037144086006,8132.782861290278,10002.78458924735,5658.756025806452
202512,청량리동,야간,1516.1552279569935,5323.512092473117,4884.126923655914,5308.488877419362
202512,휘경2동,야간,2483.972648387095,9082.96209462367,5304.374949462383,3818.6268591397893
202512,이문2동,야간,2271.3692129032243,4089.457294623658,4422.699550537638,3215.4155204301082
202512,회기동,야간,1940.96197849462,9241.96428172042,3061.664861290321,2549.763497849464
202512,휘경1동,야간,2068.9109172043013,9816.692494623649,4756.787836559138,3263.42302365591
202512,이문1동,야간,3771.668924731173,17328.688815053727,6716.984610752671,3921.3958172043026
202512,용신동,주간,3507.816172350227,13844.710372811067,14036.729022580566,11002.697979262686
202512,전농2동,주간,3102.7789474654337,4198.84649170508,3741.7955447004556,2984.3738811059884
202512,제기동,주간,3388.312019354828,11328.814928110627,9068.411362672794,9665.289474654388
202512,전농1동,주간,5904.841575115196,11184.647426267258,10849.127860829454,8018.365145161335
202512,휘경2동,주간,2604.7670663594495,5950.266546543792,4116.480919815674,3000.2581506912366
202512,답십리2동,주간,2112.8616460829535,4430.155905069111,5617.248288940095,4500.935870046085
202512,장안1동,주간,3916.90235069125,9323.65698433181,11356.662124884731,7519.104624884783
202512,장안2동,주간,6174.902485253455,6543.283580184313,8851.909914746528,5747.2646064516475
202512,청량리동,주간,1914.1993391705048,5659.680346543763,6109.824129953922,6848.303487096776
202512,답십리1동,주간,3275.4494262672856,5733.137863133617,6499.490285714296,4540.394655299543
202512,이문2동,주간,1385.2713345622146,2269.3036290322684,2595.4299354838686,2212.0861543778833
202512,이문1동,주간,3639.945082488493,16338.514824884758,6398.4220493087605,3727.843721198153
202512,회기동,주간,3466.7110506912422,11054.920620737334,4432.523498156697,2875.1004483870893
202512,휘경1동,주간,1785.0397797234975,7198.347343778822,4166.17841474654,3333.169503686627
202601,제기동,야간,2759.666826881709,10936.706961290321,7451.867222580643,6711.292784946231
202601,전농1동,야간,4539.553196774184,11432.812877419345,10115.651487096775,6826.708975268825
202601,전농2동,야간,2721.463396774189,3675.827350537635,4875.813067741937,3624.235041935477
202601,답십리1동,야간,4257.112646236562,8437.658941935497,8257.860122580654,4796.553220430115
202601,용신동,야간,3733.581178494638,14986.908422580711,11407.678897849466,7763.559705376342
202601,청량리동,야간,1493.9360591397844,5131.967825806454,4968.439659139785,5278.656649462371
202601,답십리2동,야간,3437.3338956989246,6882.698806451618,7748.167884946237,5722.171560215066
202601,이문2동,야간,2149.5132860215094,4120.4873580645235,4382.703778494627,3203.1983677419407
202601,장안1동,야간,4690.841322580641,11136.149567741966,11577.633708602132,7097.516906451615
202601,장안2동,야간,5878.454046236551,8188.69699032257,10121.545973118255,5673.294838709674
202601,휘경2동,야간,2324.537892473119,8351.919215053773,5268.535497849473,3784.9878645161284
202601,회기동,야간,1646.8974989247336,7386.984388172047,3041.376432258064,2586.8300172043005
202601,이문1동,야간,3707.9452118279532,15947.12823440859,7730.29673548388,4338.7934096774125
202601,휘경1동,야간,1942.375162365592,8788.372484946241,4824.779276344091,3303.4699849462327
202601,용신동,주간,3591.202979723515,13723.962341013786,13936.801970506935,10755.04574516128
202601,제기동,주간,2682.907223963128,9888.21049262669,8919.62240829495,9441.668748387072
202601,전농2동,주간,2535.860788479262,3522.9559175115287,3743.911009216602,3069.449255299541
202601,답십리2동,주간,2762.005405069123,4585.893330875567,5724.737295852524,4559.362098156712
202601,장안1동,주간,3926.1903714285645,9422.871901382487,11399.145240092168,7526.1970976958455
202601,청량리동,주간,1653.3490359447035,5486.213492165901,6088.41130368665,6676.144710138251
202601,전농1동,주간,5310.8939631336525,10534.763607834106,10813.441721659014,7942.1232211981605
202601,답십리1동,주간,3673.277741474639,5919.375607834077,6531.803991705068,4606.2977525345705
202601,장안2동,주간,6581.545420276513,6750.224759907837,9032.562029032279,5777.252682949292
202601,회기동,주간,1825.7905824884845,8391.924049308787,4074.553844239629,2831.84367004608
202601,휘경1동,주간,1854.6116059907813,6678.144576497683,4180.3189764977005,3379.7904958525446
202601,이문1동,주간,3514.171410599092,12813.509450691196,6619.01252350231,3948.3169760368805
202601,이문2동,주간,1559.1282617511504,2392.056641935484,2604.1285880184337,2264.9959474654424
202601,휘경2동,주간,1946.1036626728162,5480.87901474652,4032.849643317978,3024.189205990784
202602,제기동,야간,2894.188657142858,10201.175142857148,7517.188813095236,6766.1738440476065
202602,용신동,야간,3740.2623392857236,14310.391422619019,11360.035382142845,7818.8130654762035
202602,전농1동,야간,4587.758328571427,11035.532779761903,10127.505997619059,6842.392226190478
202602,전농2동,야간,2664.3529476190474,3600.587839285718,4765.885134523812,3541.7376833333315
202602,답십리2동,야간,3458.7255761904676,6884.764421428606,7776.935877380959,5759.2644642857085
202602,장안1동,야간,4835.0630309523685,10918.81994404761,11605.162390476233,7060.368580952367
202602,답십리1동,야간,4305.9579500000045,8127.401163095248,8164.863105952394,4753.456409523811
202602,청량리동,야간,1500.2903380952393,4865.819364285725,4885.63426190477,5178.935353571423
202602,이문2동,야간,2196.5586654761896,4130.336979761909,4419.304448809524,3204.06331309523
202602,휘경2동,야간,2309.900614285719,7906.146520238097,5272.23493214286,3849.8069035714275
202602,이문1동,야간,4121.354709523818,15312.274932142884,8344.385880952372,4556.739140476198
202602,장안2동,야간,5772.4156380952345,8093.3033654761575,9967.58909285717,5613.566486904762
202602,회기동,야간,1606.3915702380964,6504.442908333337,2928.725907142856,2414.882248809525
202602,휘경1동,야간,2075.8451119047636,8299.658913095232,4934.320645238088,3352.4145166666663
202602,전농1동,주간,5369.259158673488,10372.746919897936,10933.923570408147,8022.251880612238
202602,용신동,주간,3652.0646923469444,13127.001232142906,13670.262572959187,10901.445727551092
202602,답십리1동,주간,3789.112409183676,5816.021218877547,6498.951265816305,4516.090856632646
202602,장안1동,주간,4099.362205102035,9134.243773979568,11311.342536734728,7492.412338265284
202602,전농2동,주간,2449.7567785714273,3397.9044045918445,3732.0963061224643,3022.6087734693815
202602,제기동,주간,3058.111372448961,9472.202189795904,9242.577538265305,9888.105799999963
202602,답십리2동,주간,2932.9052576530557,4640.9222112245,5777.209416326536,4535.866349999996
202602,장안2동,주간,6373.05637653059,6659.270742857133,8952.416419387726,5712.014750510211
202602,청량리동,주간,1740.0589734693926,5378.0010173469345,6058.178170918365,6679.218301020385
202602,이문2동,주간,1618.61275408163,2344.519755102043,2687.0662520408137,2262.3812392857176
202602,휘경1동,주간,2003.0703979591829,6328.71677397959,4237.7229147959215,3371.7333459183524
202602,휘경2동,주간,2019.365053061225,5254.897549489792,4138.434179081641,3084.55117602041
202602,회기동,주간,2042.3849178571443,7620.59784897961,4071.286920918363,2669.012692346935
202602,이문1동,주간,3914.603398979586,12069.729914285768,6937.328506122457,4076.4300612244756
202603,장안1동,야간,4847.001636559152,11341.4970064516,11680.751467741911,6994.10782043009
202603,전농1동,야간,5120.642711827972,12333.053395698953,10299.823315053782,6865.538408602151
202603,전농2동,야간,2732.4377354838684,3627.444594623654,4702.1870827957055,3475.9079666666735
202603,용신동,야간,3995.69902365591,15709.81158279565,11565.826122580636,7769.037626881683
202603,제기동,야간,3489.359576344094,12475.582508602172,7487.676881720404,6699.155711827956
202603,답십리2동,야간,3515.5665473118297,7007.942996774204,7826.81400322582,5748.3654505376335
202603,장안2동,야간,5757.102439784957,8186.319334408599,9866.837654838704,5580.053977419341
202603,답십리1동,야간,4523.504610752685,8473.166903225789,8302.443311827943,4713.1082129032175
202603,청량리동,야간,1576.5787483870988,5333.324141935467,4998.5908258064555,5258.249034408623
202603,이문2동,야간,2349.3586172043047,4374.319044086023,4440.273088172037,3216.201875268822
202603,휘경2동,야간,2690.513388172048,9218.384574193555,5201.742955913983,3821.7525344086057
202603,회기동,야간,2396.9912268817193,9296.891693548396,2999.581438709682,2455.3095602150524
202603,휘경1동,야간,2438.972755913976,10399.58721827957,5054.382193548391,3342.4968892473116
202603,이문1동,야간,5927.3792172042995,19978.526698924743,8807.858546236554,4576.9818451612755
202603,용신동,주간,3473.5786700460785,13599.10466820278,13999.895414285726,10764.384183410133
202603,제기동,주간,3995.495860829484,11681.859420276463,9087.579596774185,9497.950858986178
202603,전농2동,주간,3736.2894465437794,4734.480272350232,3766.8556843317906,2958.2047290322575
202603,청량리동,주간,1966.0022769585205,5672.267346543775,6197.811555299543,6756.981090783382
202603,답십리2동,주간,1908.7137935483818,4464.559007834092,5674.771052534563,4430.503827188936
202603,장안1동,주간,3745.573401382491,9246.672646543735,11486.49657695851,7458.405222580632
202603,전농1동,주간,6559.094895852506,11387.270162672825,11021.525908294945,8185.81994193548
202603,회기동,주간,4721.082575576035,11701.399809216635,4475.935306912453,2815.0882497695866
202603,장안2동,주간,6074.855429953902,6346.726463133635,8693.302649308764,5614.340628571429
202603,답십리1동,주간,3194.5357479262675,5772.229564976951,6522.930901843289,4523.982781105978
202603,이문1동,주간,6291.24008571429,19141.352330414815,7362.82868156681,4085.772966359446
202603,휘경1동,주간,2140.891820276495,7721.245768202765,4286.3588525345485,3491.662150230415
202603,이문2동,주간,1402.492567741939,2298.488754377885,2576.0077470046176,2196.5198958525316
202603,휘경2동,주간,3212.3645963133536,6095.1729709677375,4085.2096364055374,3021.2517101382355
202604,용신동,야간,4121.246882222218,15909.939962222283,11662.75269222221,7770.0384788888705
202604,장안1동,야간,4847.674442222223,11289.299620000018,11638.02646999996,6904.854721111106
202604,제기동,야간,3451.4216899999974,12578.503337777802,7268.81880777778,6550.944130000017
202604,전농1동,야간,5124.365384444444,12557.402654444455,10338.118424444452,6843.01684777777
202604,답십리2동,야간,3470.640401111119,7012.617580000006,7732.040308888878,5722.957707777771
202604,청량리동,야간,1510.1834600000032,5452.242328888889,5042.268223333322,5263.454023333322
202604,장안2동,야간,5801.299388888895,8105.365565555555,9754.38406222224,5458.646745555553
202604,이문2동,야간,2313.589898888889,4500.134976666664,4446.0532711111255,3193.4972355555456
202604,전농2동,야간,2658.1981166666715,3683.038239999995,4623.744055555551,3415.567063333337
202604,답십리1동,야간,4489.468319999999,8464.295440000024,8329.482918888898,4693.426821111106
202604,휘경2동,야간,2657.64600666667,9333.382641111091,5171.022963333339,3770.304634444439
202604,회기동,야간,2467.7482277777785,9789.830286666656,3070.9720411111134,2433.040548888887
202604,휘경1동,야간,2323.3206755555548,10430.572911111105,5000.924760000011,3293.025808888888
202604,이문1동,야간,5872.692037777776,20571.340673333372,8849.321382222211,4560.573424444435
202604,제기동,주간,4042.3268490475944,11564.987495714307,8919.32268333329,9188.09724619048
202604,전농1동,주간,6238.858068095252,11352.096480952405,10716.787877142848,7909.543535238075
202604,전농2동,주간,3650.4925047619045,4760.05683333334,3632.6780671428614,2857.5216876190507
202604,용신동,주간,3494.2834204762034,13628.57401904756,14105.578660952417,10613.889008095275
202604,답십리2동,주간,1849.0773219047612,4294.405285714283,5498.911620952357,4280.753766190477
202604,장안1동,주간,3847.944202857153,9147.522054761894,11320.522687142855,7324.307360952406
202604,장안2동,주간,6149.168585714253,6163.178335714285,8477.625180952427,5397.4093552380955
202604,답십리1동,주간,3236.1859066666657,5618.697285714259,6383.9647795238125,4387.320137619055
202604,이문1동,주간,6048.243047619061,19348.254010952314,7203.29924523808,3964.585151904765
202604,휘경2동,주간,3163.896878571435,6150.9182123809705,4002.055760476184,2924.386083333327
202604,청량리동,주간,1896.9851695238103,5717.8527976190335,6170.417234285713,6705.611333333326
202604,회기동,주간,4862.2319495238025,12319.542287619062,4552.582379047617,2748.3818914285794
202604,이문2동,주간,1388.455310952377,2275.407548095241,2503.564684761903,2128.902370476194
202604,휘경1동,주간,2029.1821161904752,7599.002324285699,4233.502070000002,3412.6782766666634
202605,제기동,야간,3404.9392763888814,12601.655843055558,7269.332047222208,6470.635645833335
202605,답십리2동,야간,3355.5497138888936,6950.452834722233,7820.19770694445,5749.161562499984
202605,장안1동,야간,4965.902347222218,11229.826844444417,11383.058850000016,6728.733041666653
202605,장안2동,야간,5769.634161111105,7974.840286111116,9696.211822222196,5420.921884722227
202605,답십리1동,야간,4481.328393055551,8453.528438888889,8314.719004166676,4764.851843055569
202605,용신동,야간,4116.489090277778,15809.687466666639,11810.9452027778,7831.4287111111
202605,전농1동,야간,4921.849373611102,12437.66080694445,10300.396631944459,6856.3384125
202605,이문2동,야간,2244.9066958333306,4422.128656944442,4372.244445833331,3163.347608333333
202605,휘경1동,야간,2267.165637499999,10518.42058750001,5049.5538763888735,3326.019581944444
202605,휘경2동,야간,2483.8494861111117,9024.859138888887,5101.321236111112,3768.3783125000023
202605,청량리동,야간,1598.5759055555538,5415.899884722229,4957.714088888891,5164.31139444445
202605,전농2동,야간,2652.157908333333,3647.8725374999926,4609.287504166662,3400.850070833331
202605,이문1동,야간,5491.129154166673,20111.36091805557,8686.780362499996,4468.336877777792
202605,회기동,야간,2361.4785944444434,9736.19509027777,3049.1463847222276,2424.7276777777806
202605,용신동,주간,3572.660705357152,13504.20505892857,13729.57950119047,10405.666228571436
202605,전농1동,주간,6147.901452380945,11553.50239880948,10942.113513095228,7938.741238690479
202605,답십리1동,주간,3295.9355994047596,5852.282934523808,6493.964236309518,4499.714538095247
202605,답십리2동,주간,1890.299955357144,4392.973857142851,5558.899972619055,4265.63781428573
202605,장안1동,주간,3809.4215613095307,9067.029937500038,10919.249430952406,7162.295758928579
202605,장안2동,주간,5914.874969642854,6289.9071202380865,8523.39848809524,5353.412693452397
202605,이문1동,주간,5482.476651785728,18547.91958690482,7223.9301696428665,3888.7738654761847
202605,제기동,주간,3684.74358511903,11361.90685357142,8697.416089880946,8795.77800119045
202605,청량리동,주간,2074.0004333333354,5924.753093452401,6241.057171428582,6793.090838095252
202605,전농2동,주간,3220.303961309521,4441.271077976201,3607.38205595238,2804.7928380952353
202605,이문2동,주간,1438.6405642857146,2430.102495238099,2646.961118452392,2226.714191666673
202605,회기동,주간,3964.874804761905,11367.488413095258,4219.487855952384,2662.413927976186
202605,휘경1동,주간,2111.84919702381,8021.811647023782,4321.173132142854,3423.751602380954
202605,휘경2동,주간,2723.1540107142855,6096.343819047602,4033.4834809523886,2963.863558928572
202606,전농1동,야간,4856.101986666677,12333.606920000006,10340.623817777765,6799.14582555558
202606,용신동,야간,4082.912363333324,15524.293074444453,11852.22309222223,7818.984968888889
202606,답십리2동,야간,3382.3997566666617,7164.090633333349,8004.0826411111475,5834.903834444435
202606,전농2동,야간,2681.3771388888804,3601.7448600000102,4570.050045555563,3332.314494444448
202606,휘경2동,야간,2440.942391111113,9167.87813888886,5171.124044444438,3760.984048888899
202606,제기동,야간,3315.125025555563,12576.382422222223,7368.779038888907,6476.253521111107
202606,청량리동,야간,1593.9527566666657,5536.592104444454,5058.366485555547,5149.936524444444
202606,장안1동,야간,4907.953802222232,11267.143851111141,11422.215003333295,6751.273067777797
202606,장안2동,야간,5821.285839999987,7977.731998888913,9734.782742222213,5443.097667777768
202606,답십리1동,야간,4515.52252,8512.19038333335,8458.669994444432,4756.723701111112
202606,이문1동,야간,5487.033521111111,20248.850883333325,8859.745323333334,4459.179304444452
202606,회기동,야간,2343.3563477777775,9426.612576666665,3099.5507588888886,2394.016533333324
202606,휘경1동,야간,2193.373708888885,10348.845982222225,4933.300401111106,3215.2376711111065
202606,이문2동,야간,2329.317139999999,4458.247854444445,4399.421798888879,3122.629437777781
202606,전농1동,주간,6012.90812857142,11391.117943809497,10806.764002380969,7955.754043333333
202606,용신동,주간,3566.5717528571304,13464.294912857233,13972.232411904706,10328.751621904745
202606,전농2동,주간,3387.3814485714124,4325.530030000015,3551.044535714284,2732.211954761897
202606,답십리1동,주간,3347.379870476194,5813.2308985714335,6596.850467142846,4540.021684761902
202606,답십리2동,주간,1905.7146419047665,4482.606319047619,5571.496071904771,4382.90203333334
202606,장안1동,주간,3900.589023809509,9272.28878238094,11140.286591904764,7273.675790000016
202606,제기동,주간,3507.616747142886,11139.155567142852,8653.795326666657,8738.295379999976
202606,이문2동,주간,1417.124110952378,2402.235821904761,2534.5231147619006,2167.9849919047683
202606,장안2동,주간,6136.7211838095145,6247.300486666655,8538.227220476158,5407.904764761893
202606,청량리동,주간,2054.407487619045,5847.391815238085,6230.602561904771,6648.898966666681
202606,회기동,주간,4373.2814085714335,11088.172565238061,4381.8469142857075,2679.9313280952438
202606,휘경2동,주간,3083.7312104761722,6085.07657238096,4037.220763809527,2977.183989523812
202606,이문1동,주간,5146.406631904737,18069.469190952284,7190.227021904771,3919.6200919047756
202606,휘경1동,주간,1930.092267619046,7787.192481904763,4082.43933952381,3300.8406595237975
202607,용신동,야간,3842.70178924732,14740.089151612927,11726.973101075273,7737.890109677405
202607,제기동,야간,2788.3009247311916,10846.83105053763,7220.774736559168,6425.91629999999
202607,전농1동,야간,4537.074906451613,11696.322799999985,10385.5234537634,6924.002037634418
202607,전농2동,야간,2600.752361290321,3400.9160279569855,4525.648180645171,3265.7157193548314
202607,답십리1동,야간,4463.196836559142,8477.511747311819,8357.276897849464,4688.052124731185
202607,답십리2동,야간,3379.557729032251,7109.550446236572,7902.914815053772,5794.636776344079
202607,장안1동,야간,4770.779874193545,11049.273796774212,11269.902140860211,6678.1293354838845
202607,장안2동,야간,5880.052007526886,8088.112897849472,9953.153596774218,5506.262369892477
202607,청량리동,야간,1654.7991354838707,5369.403752688161,5097.300897849455,5152.2386967742
202607,회기동,야간,1894.0341000000037,7615.230608602161,3046.867411827961,2420.920582795694
202607,휘경1동,야간,1605.8629182795678,8701.306869892453,4300.772836559131,2798.2549451612904
202607,휘경2동,야간,2155.646535483875,8487.876079569896,5140.679772043007,3788.056886021514
202607,이문1동,야간,4503.665708602145,17508.787338709666,8750.715078494626,4502.627708602143
202607,이문2동,야간,2179.6952720430213,4407.730319354848,4377.932729032258,3181.753164516124
202607,용신동,주간,3482.1130672810827,13147.187822580652,13906.30502258068,10347.661836405536
202607,제기동,주간,2792.5297668202734,9286.37204470042,8358.045175576042,8403.379435023053
202607,전농1동,주간,5467.183935483865,10802.220475576014,10923.268172811,8118.442370967771
202607,전농2동,주간,2838.7925064516176,3402.490490322593,3494.6177695852457,2725.23752073734
202607,답십리1동,주간,3550.0664184331777,5889.297235944707,6521.989783410146,4496.760114285737
202607,답십리2동,주간,2233.4713695852556,4441.177820276504,5536.343525806439,4426.137491244247
202607,장안1동,주간,3954.28626543779,9289.82626774194,11103.097524884783,7294.346865898612
202607,장안2동,주간,6071.407314285724,6375.774655760345,8648.793940092179,5572.4922677419645
202607,청량리동,주간,1984.8265990783336,5797.795459907842,6201.0688552995325,6578.041341474626
202607,회기동,주간,2856.6671566820287,8423.942172350206,4196.997123963142,2702.7790603686667
202607,휘경1동,주간,1499.5496677419342,6562.49395576036,3548.7428622119864,2956.1198552995384
202607,휘경2동,주간,2423.379731797235,5512.422030414723,3949.523672811047,2978.789821658981
202607,이문1동,주간,3929.821487557612,13472.212827649759,6874.100271428602,3900.2911986175195
202607,이문2동,주간,1443.2788041474648,2407.671792626723,2538.09462903226,2203.025202764979
